商品ID,商品名稱,標籤,狀態,條碼
1,雞胸肉,"高蛋白,低脂",,*1*
2,可樂果牛奶麵包80g,"童年,甜點,冷藏,麵包",新品,*2*
3,7-SELECT豆漿80g,"經典,鹹香,蛋白質,豆漿",新品,*3*
4,小農香草蛋白飲1L,"飲品,鮮奶,蛋白飲,脆脆",新品,*4*
5,可口香草乳清375ml,"經典,乳清,鮮奶,無糖",熱銷,*5*
6,雀巢芒果洋芋片375ml,"乳品,低脂,冷凍,洋芋片",,*6*
7,哈根達斯芒果牛奶375ml,"牛奶,乳品,健康,冷凍",,*7*
8,可口香草牛奶100g,"經典,牛奶,健康,脆脆",新品,*8*
9,黑松牛奶軟糖200g,"乳品,酥脆,脆脆,軟糖",,*9*
10,全家無糖優酪乳1L,"優酪乳,鹹香,節慶,脆脆",熱銷,*10*
11,味全抹茶蛋白飲500ml,"健康,酥脆,可愛,蛋白飲",,*11*
12,全家抹茶蛋白飲200g,"無糖,蛋白飲,可愛,微甜",,*12*
13,茶葉蛋,"健康,健身",,*13*
14,全家特濃牛奶600ml,"牛奶,鮮奶,脆脆,冷凍",,*14*
15,旺旺巧克力麵包500ml,"高蛋白,酥脆,麵包,微甜",新品,*15*
16,小熊牌芒果蛋糕600ml,"童年,節慶,冷藏,蛋糕",熱銷,*16*
17,亞培特濃蛋白飲500ml,"鹹香,無糖,可愛,蛋白飲",,*17*
18,小農巧克力糖果1L,"健康,糖果,冷藏,冷凍",新品,*18*
19,義美草莓氣泡飲100g,"鹹香,氣泡飲,健康,新品",熱銷,*19*
20,大黑松香草麵包500ml,"高蛋白,麵包,冷凍,可愛",,*20*
21,7-SELECT抹茶冰淇淋100g,"經典,乳品,低脂,冰淇淋",,*21*
22,光泉無糖糖果500ml,"高蛋白,鹹香,糖果,新品",,*22*
23,可口草莓冰淇淋80g,"冰淇淋,鮮奶,健康,低脂",新品,*23*
24,小熊牌香草蛋白飲600ml,"乳品,無糖,冷藏,蛋白飲",,*24*
25,乖乖牛奶果凍200g,"高蛋白,經典,果凍,冷凍",,*25*
26,黑松無糖能量飲200g,"能量飲,無糖,冷凍,微甜",新品,*26*
27,大黑松牛奶能量飲100g,"童年,鹹香,能量飲,無糖",新品,*27*
28,統一牛奶氣泡飲375ml,"氣泡飲,蛋白質,酥脆,脆脆",熱銷,*28*
29,森永牛奶軟糖80g,"飲品,童年,脆脆,軟糖",,*29*
30,統一抹茶果凍600ml,"果凍,健康,甜點,冷凍",熱銷,*30*
31,7-SELECT抹茶乳清200g,"乳清,健康,無糖,脆脆",熱銷,*31*
32,可樂果優酪乳1L,"高蛋白,優酪乳,節慶,脆脆",熱銷,*32*
33,黑松巧克力乳清200g,"乳清,鮮奶,脆脆,可愛",熱銷,*33*
34,亞培香草蛋白飲1L,"童年,低脂,蛋白飲,冷藏",,*34*
35,小熊牌氣泡飲200g,"鹹香,乳品,健康,氣泡飲",熱銷,*35*
36,旺旺芒果軟糖1L,"低脂,軟糖,冷凍,可愛",,*36*
37,森永牛奶糖果500ml,"高蛋白,低脂,節慶,糖果",熱銷,*37*
38,哈根達斯特濃餅乾330ml,"經典,鹹香,餅乾,微甜",,*38*
39,雀巢抹茶乳飲品1L,"乳飲品,酥脆,節慶,可愛",,*39*
40,哈根達斯抹茶能量飲330ml,"飲品,蛋白質,能量飲,新品",熱銷,*40*
41,乖乖蜂蜜冰淇淋100g,"冰淇淋,乳品,冷藏,冷凍",,*41*
42,亞培草莓能量飲500ml,"經典,乳品,高蛋白,能量飲",,*42*
43,雀巢抹茶冰棒375ml,"經典,甜點,冰棒,冷凍",新品,*43*
44,樂事抹茶冰淇淋100g,"冰淇淋,甜點,冷藏,微甜",,*44*
45,明治蜂蜜餅乾600ml,"飲品,餅乾,脆脆,可愛",,*45*
46,7-SELECT牛奶果凍80g,"微甜,果凍,甜點,新品",熱銷,*46*
47,大黑松蜂蜜蛋白飲80g,"微甜,酥脆,蛋白飲,新品",熱銷,*47*
48,7-SELECT抹茶餅乾80g,"經典,健康,餅乾,可愛",熱銷,*48*
49,光泉芒果糖果100g,"鹹香,蛋白質,健康,糖果",新品,*49*
50,義美牛奶果汁200g,"童年,乳品,蛋白質,果汁",,*50*
51,雀巢冰淇淋330ml,"飲品,乳品,蛋白質,冰淇淋",,*51*
52,全家香草豆漿80g,"鮮奶,節慶,豆漿,冷凍",熱銷,*52*
53,明治巧克力牛奶80g,"經典,牛奶,無糖,微甜",,*53*
54,光泉牛奶冰棒1L,"鮮奶,無糖,冰棒,可愛",,*54*
55,小農無糖果凍200g,"經典,果凍,脆脆,冷凍",,*55*
56,光泉蜂蜜氣泡飲375ml,"童年,氣泡飲,健康,冷凍",新品,*56*
57,可口無糖軟糖80g,"經典,鹹香,蛋白質,軟糖",,*57*
58,小熊牌蜂蜜巧克力100g,"巧克力,節慶,鮮奶,酥脆",,*58*
59,亞培蜂蜜糖果375ml,"蛋白質,甜點,冷藏,糖果",熱銷,*59*
60,小農香草豆漿80g,"健康,酥脆,脆脆,豆漿",,*60*
61,雀巢芒果蛋糕80g,"蛋白質,節慶,冷藏,蛋糕",熱銷,*61*
62,可口抹茶蛋白飲200g,"蛋白質,甜點,節慶,蛋白飲",,*62*
63,7-SELECT牛奶冰淇淋330ml,"冰淇淋,乳品,甜點,可愛",熱銷,*63*
64,亞培無糖氣泡飲100g,"經典,氣泡飲,低脂,微甜",新品,*64*
65,雀巢蜂蜜乳清375ml,"童年,蛋白質,乳清,酥脆",熱銷,*65*
66,味全牛奶糖果330ml,"鮮奶,酥脆,糖果,新品",,*66*
67,義美蜂蜜乳飲品500ml,"乳飲品,乳品,蛋白質,健康",新品,*67*
68,味全牛奶1L,"經典,飲品,牛奶,新品",新品,*68*
69,統一無糖糖果500ml,"甜點,節慶,脆脆,糖果",熱銷,*69*
70,大黑松牛奶軟糖80g,"乳品,蛋白質,可愛,軟糖",熱銷,*70*
71,味全冰棒100g,"經典,鹹香,無糖,冰棒",熱銷,*71*
72,亞培草莓豆漿1L,"經典,蛋白質,豆漿,酥脆",熱銷,*72*
73,可口蜂蜜餅乾330ml,"童年,餅乾,酥脆,冷藏",新品,*73*
74,乖乖蜂蜜蛋白飲330ml,"鹹香,無糖,可愛,蛋白飲",新品,*74*
75,乖乖牛奶牛奶1L,"飲品,鹹香,牛奶,微甜",,*75*
76,小農特濃蛋白飲200g,"蛋白質,蛋白飲,冷藏,微甜",,*76*
77,小熊牌特濃優酪乳375ml,"優酪乳,低脂,冷藏,微甜",,*77*
78,小農豆漿100g,"乳品,豆漿,鹹香,冷藏",,*78*
79,光泉草莓牛奶330ml,"牛奶,酥脆,無糖,新品",熱銷,*79*
80,雀巢抹茶巧克力500ml,"童年,巧克力,無糖,冷藏",熱銷,*80*
81,森永果凍500ml,"果凍,健康,脆脆,可愛",新品,*81*
82,可口牛奶豆漿200g,"無糖,節慶,脆脆,豆漿",,*82*
83,義美芒果冰棒330ml,"鹹香,冰棒,冷藏,新品",熱銷,*83*
84,光泉巧克力冰淇淋330ml,"經典,健康,冰淇淋,脆脆",熱銷,*84*
85,大黑松蜂蜜乳清600ml,"童年,乳清,脆脆,微甜",,*85*
86,亞培牛奶洋芋片100g,"蛋白質,鮮奶,節慶,洋芋片",,*86*
87,小農牛奶糖果375ml,"蛋白質,鮮奶,節慶,糖果",,*87*
88,全家牛奶冰淇淋500ml,"冰淇淋,乳品,鹹香,冷凍",熱銷,*88*
89,光泉無糖豆漿100g,"童年,豆漿,節慶,可愛",,*89*
90,可口牛奶氣泡飲80g,"童年,氣泡飲,甜點,微甜",熱銷,*90*
91,義美草莓餅乾1L,"甜點,節慶,餅乾,可愛",新品,*91*
92,亞培無糖乳飲品375ml,"乳飲品,酥脆,節慶,脆脆",,*92*
93,味全芒果蛋白飲600ml,"高蛋白,飲品,蛋白飲,冷藏",熱銷,*93*
94,光泉無糖冰棒200g,"高蛋白,童年,冰棒,可愛",,*94*
95,黑松草莓麵包600ml,"蛋白質,鮮奶,冷藏,麵包",,*95*
96,旺旺芒果優酪乳375ml,"童年,高蛋白,優酪乳,可愛",熱銷,*96*
97,黑松牛奶豆漿600ml,"經典,豆漿,節慶,冷藏",熱銷,*97*
98,可樂果特濃豆漿200g,"經典,豆漿,酥脆,冷藏",新品,*98*
99,雀巢芒果巧克力375ml,"乳品,健康,巧克力,脆脆",熱銷,*99*
100,可口冰淇淋330ml,"冰淇淋,低脂,節慶,酥脆",,*100*
101,黑松牛奶冰淇淋500ml,"冰淇淋,鮮奶,可愛,新品",新品,*101*
102,光泉芒果豆漿600ml,"鹹香,鮮奶,冷藏,豆漿",,*102*
103,統一特濃棒棒糖100g,"飲品,甜點,童年,棒棒糖",,*103*
104,乖乖特濃牛奶80g,"牛奶,鹹香,冷藏,新品",熱銷,*104*
105,光泉洋芋片200g,"經典,洋芋片,低脂,微甜",熱銷,*105*
106,統一巧克力果汁375ml,"蛋白質,甜點,可愛,果汁",新品,*106*
107,7-SELECT蜂蜜果汁100g,"低脂,脆脆,果汁,微甜",熱銷,*107*
108,乖乖特濃棒棒糖330ml,"健康,棒棒糖,冷凍,新品",熱銷,*108*
109,明治巧克力軟糖200g,"乳品,酥脆,脆脆,軟糖",新品,*109*
110,統一特濃蛋白飲100g,"健康,低脂,冷凍,蛋白飲",熱銷,*110*
111,亞培香草麵包1L,"蛋白質,鮮奶,麵包,新品",熱銷,*111*
112,明治芒果麵包600ml,"鮮奶,低脂,冷藏,麵包",,*112*
113,光泉蜂蜜巧克力200g,"高蛋白,巧克力,冷凍,微甜",,*113*
114,旺旺蜂蜜乳清600ml,"高蛋白,乳清,無糖,微甜",,*114*
115,樂事芒果牛奶200g,"牛奶,節慶,脆脆,冷凍",熱銷,*115*
116,乖乖蜂蜜果凍330ml,"果凍,鮮奶,脆脆,可愛",,*116*
117,黑松香草乳清500ml,"經典,蛋白質,乳清,無糖",熱銷,*117*
118,亞培草莓果凍80g,"童年,健康,甜點,果凍",熱銷,*118*
119,7-SELECT香草蛋白飲375ml,"經典,乳品,鮮奶,蛋白飲",熱銷,*119*
120,森永芒果豆漿375ml,"飲品,低脂,節慶,豆漿",新品,*120*
121,雀巢無糖乳飲品80g,"乳飲品,節慶,可愛,新品",,*121*
122,森永牛奶優酪乳80g,"經典,優酪乳,蛋白質,脆脆",熱銷,*122*
123,可口能量飲200g,"飲品,蛋白質,能量飲,新品",,*123*
124,亞培香草蛋糕330ml,"高蛋白,乳品,酥脆,蛋糕",,*124*
125,亞培牛奶果凍330ml,"童年,果凍,低脂,冷藏",,*125*
126,黑松芒果餅乾1L,"童年,餅乾,健康,冷藏",,*126*
127,可樂果芒果優酪乳1L,"經典,優酪乳,健康,冷藏",新品,*127*
128,明治抹茶棒棒糖600ml,"童年,經典,甜點,棒棒糖",新品,*128*
129,味全無糖糖果80g,"童年,甜點,糖果,可愛",熱銷,*129*
130,光泉抹茶優酪乳1L,"優酪乳,健康,甜點,微甜",熱銷,*130*
131,可口巧克力糖果330ml,"經典,冷藏,脆脆,糖果",,*131*
132,黑松牛奶乳清600ml,"乳清,鹹香,節慶,冷藏",熱銷,*132*
133,黑松香草乳清100g,"飲品,乳清,鮮奶,童年",,*133*
134,可樂果冰棒330ml,"冰棒,鮮奶,酥脆,冷藏",新品,*134*
135,黑松芒果巧克力330ml,"巧克力,蛋白質,低脂,酥脆",,*135*
136,哈根達斯無糖冰棒200g,"飲品,健康,節慶,冰棒",,*136*
137,大黑松抹茶能量飲375ml,"童年,鮮奶,能量飲,冷藏",新品,*137*
138,雀巢草莓麵包600ml,"甜點,無糖,冷藏,麵包",,*138*
139,統一無糖棒棒糖200g,"高蛋白,低脂,棒棒糖,微甜",熱銷,*139*
140,小農芒果冰淇淋1L,"飲品,低脂,冰淇淋,新品",,*140*
141,森永抹茶豆漿500ml,"健康,低脂,豆漿,冷凍",熱銷,*141*
142,光泉牛奶氣泡飲200g,"可愛,氣泡飲,冷凍,微甜",,*142*
143,味全芒果乳飲品500ml,"經典,低脂,乳飲品,新品",熱銷,*143*
144,黑松巧克力豆漿600ml,"蛋白質,甜點,低脂,豆漿",,*144*
145,可樂果芒果果汁80g,"童年,鹹香,健康,果汁",,*145*
146,樂事特濃麵包600ml,"飲品,蛋白質,鮮奶,麵包",,*146*
147,雀巢草莓糖果1L,"經典,乳品,糖果,酥脆",,*147*
148,大黑松巧克力冰棒80g,"冰棒,脆脆,冷凍,微甜",,*148*
149,乖乖芒果乳飲品1L,"童年,蛋白質,低脂,乳飲品",,*149*
150,乖乖蜂蜜優酪乳500ml,"高蛋白,優酪乳,酥脆,冷藏",,*150*
151,小熊牌無糖糖果200g,"經典,鹹香,蛋白質,糖果",,*151*
152,可樂果草莓軟糖500ml,"經典,高蛋白,無糖,軟糖",,*152*
153,光泉香草蛋糕100g,"低脂,蛋糕,脆脆,可愛",熱銷,*153*
154,亞培軟糖100g,"童年,高蛋白,甜點,軟糖",,*154*
155,小農芒果果汁330ml,"飲品,低脂,果汁,新品",熱銷,*155*
156,可樂果無糖優酪乳600ml,"童年,蛋白質,甜點,優酪乳",新品,*156*
157,明治蛋白飲375ml,"童年,無糖,可愛,蛋白飲",新品,*157*
158,雀巢牛奶氣泡飲375ml,"童年,氣泡飲,冷藏,新品",新品,*158*
159,森永特濃麵包330ml,"麵包,蛋白質,冷藏,微甜",熱銷,*159*
160,義美無糖蛋白飲500ml,"乳品,蛋白質,蛋白飲,脆脆",,*160*
161,小熊牌果汁1L,"果汁,脆脆,可愛,新品",,*161*
162,小農特濃麵包375ml,"高蛋白,鮮奶,低脂,麵包",,*162*
163,光泉巧克力果汁200g,"飲品,經典,可愛,果汁",,*163*
164,哈根達斯特濃蛋糕80g,"經典,鹹香,節慶,蛋糕",,*164*
165,樂事牛奶能量飲500ml,"能量飲,乳品,低脂,可愛",新品,*165*
166,7-SELECT芒果麵包200g,"冷凍,酥脆,可愛,麵包",,*166*
167,全家香草蛋糕200g,"經典,鮮奶,蛋糕,可愛",熱銷,*167*
168,味全抹茶軟糖375ml,"高蛋白,甜點,脆脆,軟糖",熱銷,*168*
169,乖乖無糖果凍330ml,"蛋白質,健康,果凍,可愛",,*169*
170,義美蜂蜜豆漿1L,"經典,鹹香,豆漿,微甜",熱銷,*170*
171,乖乖香草能量飲200g,"高蛋白,鹹香,蛋白質,能量飲",熱銷,*171*
172,乖乖特濃牛奶100g,"童年,牛奶,節慶,可愛",熱銷,*172*
173,明治蜂蜜餅乾500ml,"餅乾,脆脆,冷凍,微甜",熱銷,*173*
174,大黑松草莓糖果1L,"鹹香,甜點,糖果,冷凍",熱銷,*174*
175,可樂果抹茶餅乾1L,"童年,餅乾,低脂,冷藏",新品,*175*
176,味全草莓蛋白飲100g,"童年,酥脆,蛋白飲,微甜",,*176*
177,乖乖芒果蛋糕375ml,"經典,蛋白質,節慶,蛋糕",新品,*177*
178,旺旺餅乾330ml,"蛋白質,無糖,餅乾,冷凍",,*178*
179,亞培牛奶牛奶200g,"童年,牛奶,低脂,可愛",熱銷,*179*
180,亞培冰淇淋1L,"高蛋白,冰淇淋,甜點,無糖",,*180*
181,樂事草莓豆漿80g,"經典,鹹香,豆漿,微甜",,*181*
182,哈根達斯抹茶冰棒500ml,"飲品,乳品,無糖,冰棒",熱銷,*182*
183,哈根達斯草莓氣泡飲100g,"童年,氣泡飲,低脂,冷凍",熱銷,*183*
184,乖乖無糖氣泡飲100g,"童年,氣泡飲,低脂,冷凍",,*184*
185,旺旺無糖蛋白飲80g,"甜點,新品,蛋白飲,微甜",熱銷,*185*
186,光泉草莓果凍375ml,"鹹香,果凍,脆脆,新品",熱銷,*186*
187,樂事蛋白飲1L,"乳品,鮮奶,蛋白飲,可愛",熱銷,*187*
188,雀巢牛奶冰棒375ml,"鮮奶,冰棒,脆脆,新品",新品,*188*
189,統一無糖優酪乳375ml,"優酪乳,蛋白質,低脂,節慶",,*189*
190,亞培巧克力豆漿80g,"乳品,蛋白質,豆漿,無糖",,*190*
191,可樂果牛奶餅乾1L,"鹹香,健康,無糖,餅乾",熱銷,*191*
192,明治抹茶巧克力600ml,"巧克力,蛋白質,酥脆,微甜",,*192*
193,乖乖香草果汁375ml,"經典,鮮奶,果汁,微甜",熱銷,*193*
194,光泉抹茶餅乾375ml,"蛋白質,鮮奶,無糖,餅乾",新品,*194*
195,乖乖能量飲1L,"童年,低脂,能量飲,新品",,*195*
196,小熊牌芒果果凍1L,"童年,鹹香,果凍,甜點",,*196*
197,味全洋芋片100g,"童年,酥脆,脆脆,洋芋片",熱銷,*197*
198,哈根達斯牛奶乳飲品80g,"飲品,低脂,甜點,乳飲品",新品,*198*
199,小熊牌抹茶能量飲375ml,"高蛋白,乳品,健康,能量飲",新品,*199*
200,統一芒果乳清200g,"乳清,酥脆,無糖,甜點",,*200*
201,全家麵包375ml,"經典,鹹香,麵包,新品",熱銷,*201*
202,明治牛奶果凍330ml,"經典,鹹香,果凍,冷凍",,*202*
203,義美巧克力巧克力330ml,"高蛋白,經典,巧克力,可愛",,*203*
204,亞培芒果軟糖330ml,"經典,蛋白質,健康,軟糖",熱銷,*204*
205,小農香草乳清80g,"高蛋白,乳清,童年,冷凍",熱銷,*205*
206,統一草莓能量飲80g,"能量飲,鹹香,酥脆,無糖",新品,*206*
207,小熊牌抹茶軟糖500ml,"飲品,乳品,甜點,軟糖",,*207*
208,明治牛奶優酪乳600ml,"優酪乳,蛋白質,無糖,酥脆",熱銷,*208*
209,雀巢香草乳清500ml,"乳清,鮮奶,無糖,冷藏",,*209*
210,乖乖香草餅乾330ml,"經典,餅乾,節慶,冷藏",熱銷,*210*
211,樂事草莓蛋白飲500ml,"乳品,甜點,蛋白飲,脆脆",熱銷,*211*
212,樂事蜂蜜氣泡飲375ml,"氣泡飲,甜點,無糖,新品",熱銷,*212*
213,小熊牌特濃能量飲600ml,"能量飲,乳品,酥脆,鹹香",,*213*
214,統一草莓冰棒200g,"微甜,乳品,冰棒,新品",,*214*
215,樂事糖果1L,"童年,糖果,新品,微甜",熱銷,*215*
216,旺旺草莓棒棒糖600ml,"健康,冷藏,棒棒糖,新品",,*216*
217,樂事無糖冰棒1L,"鹹香,冷凍,冰棒,可愛",新品,*217*
218,義美無糖優酪乳80g,"優酪乳,酥脆,脆脆,微甜",熱銷,*218*
219,全家香草軟糖100g,"童年,健康,鮮奶,軟糖",新品,*219*
220,雀巢芒果優酪乳330ml,"飲品,鮮奶,優酪乳,冷凍",熱銷,*220*
221,明治蜂蜜乳飲品80g,"童年,乳品,低脂,乳飲品",,*221*
222,統一草莓巧克力100g,"童年,巧克力,鮮奶,無糖",,*222*
223,小農牛奶蛋糕200g,"童年,脆脆,蛋糕,微甜",,*223*
224,可口抹茶軟糖200g,"飲品,經典,乳品,軟糖",熱銷,*224*
225,小熊牌抹茶麵包330ml,"高蛋白,麵包,冷凍,微甜",熱銷,*225*
226,黑松香草麵包330ml,"經典,乳品,酥脆,麵包",熱銷,*226*
227,乖乖蜂蜜蛋白飲600ml,"鮮奶,甜點,冷藏,蛋白飲",,*227*
228,小熊牌牛奶果凍330ml,"童年,果凍,新品,微甜",,*228*
229,小農抹茶蛋糕375ml,"鹹香,健康,脆脆,蛋糕",新品,*229*
230,義美蛋糕375ml,"乳品,節慶,蛋糕,新品",,*230*
231,統一芒果巧克力330ml,"巧克力,鮮奶,節慶,微甜",,*231*
232,小農抹茶豆漿500ml,"乳品,豆漿,新品,微甜",,*232*
233,光泉草莓餅乾1L,"健康,節慶,餅乾,可愛",熱銷,*233*
234,統一蜂蜜乳清1L,"乳清,鹹香,乳品,鮮奶",,*234*
235,統一芒果麵包600ml,"健康,甜點,冷藏,麵包",新品,*235*
236,亞培香草棒棒糖375ml,"高蛋白,鹹香,棒棒糖,微甜",熱銷,*236*
237,黑松抹茶乳清500ml,"乳清,鹹香,蛋白質,無糖",新品,*237*
238,亞培特濃優酪乳500ml,"高蛋白,乳品,酥脆,優酪乳",新品,*238*
239,哈根達斯特濃乳清80g,"經典,乳清,鮮奶,童年",,*239*
240,全家草莓能量飲500ml,"經典,鮮奶,能量飲,新品",,*240*
241,乖乖特濃豆漿375ml,"飲品,豆漿,童年,冷藏",熱銷,*241*
242,全家無糖氣泡飲500ml,"高蛋白,氣泡飲,脆脆,新品",熱銷,*242*
243,乖乖巧克力餅乾330ml,"餅乾,鮮奶,酥脆,脆脆",,*243*
244,哈根達斯芒果能量飲375ml,"經典,鹹香,鮮奶,能量飲",新品,*244*
245,義美香草乳清1L,"童年,乳清,無糖,可愛",,*245*
246,黑松抹茶蛋糕1L,"高蛋白,節慶,冷藏,蛋糕",熱銷,*246*
247,光泉香草優酪乳600ml,"經典,健康,鮮奶,優酪乳",新品,*247*
248,樂事果凍80g,"高蛋白,果凍,健康,可愛",新品,*248*
249,全家牛奶蛋糕200g,"飲品,無糖,冷藏,蛋糕",,*249*
250,黑松香草糖果330ml,"節慶,低脂,無糖,糖果",,*250*
251,旺旺芒果麵包200g,"飲品,蛋白質,麵包,新品",,*251*
252,小熊牌軟糖80g,"健康,鮮奶,甜點,軟糖",熱銷,*252*
253,味全巧克力巧克力330ml,"高蛋白,巧克力,蛋白質,新品",新品,*253*
254,全家抹茶麵包500ml,"健康,無糖,脆脆,麵包",熱銷,*254*
255,全家蜂蜜蛋白飲375ml,"乳品,蛋白飲,脆脆,微甜",熱銷,*255*
256,哈根達斯餅乾330ml,"童年,乳品,餅乾,微甜",熱銷,*256*
257,大黑松巧克力巧克力600ml,"巧克力,蛋白質,可愛,微甜",,*257*
258,樂事芒果棒棒糖200g,"童年,蛋白質,酥脆,棒棒糖",,*258*
259,乖乖蜂蜜蛋白飲100g,"健康,甜點,蛋白飲,新品",,*259*
260,統一牛奶果汁200g,"童年,經典,健康,果汁",,*260*
261,可樂果草莓冰棒100g,"飲品,冰棒,冷藏,微甜",熱銷,*261*
262,雀巢冰淇淋1L,"飲品,蛋白質,冰淇淋,微甜",,*262*
263,小農香草麵包375ml,"健康,節慶,脆脆,麵包",,*263*
264,樂事抹茶果汁80g,"蛋白質,低脂,酥脆,果汁",,*264*
265,味全特濃餅乾1L,"經典,餅乾,酥脆,脆脆",熱銷,*265*
266,大黑松牛奶豆漿100g,"童年,微甜,豆漿,新品",熱銷,*266*
267,光泉巧克力能量飲80g,"能量飲,鹹香,冷藏,微甜",,*267*
268,亞培無糖氣泡飲500ml,"高蛋白,飲品,氣泡飲,冷凍",新品,*268*
269,統一香草優酪乳375ml,"經典,優酪乳,健康,冷藏",,*269*
270,味全牛奶乳飲品1L,"經典,蛋白質,乳飲品,節慶",熱銷,*270*
271,可口乳清80g,"高蛋白,乳清,冷凍,微甜",熱銷,*271*
272,全家芒果餅乾80g,"鮮奶,健康,餅乾,新品",,*272*
273,可樂果草莓優酪乳1L,"飲品,乳品,經典,優酪乳",熱銷,*273*
274,樂事香草優酪乳1L,"優酪乳,鮮奶,冷藏,新品",,*274*
275,可口牛奶果汁330ml,"經典,蛋白質,冷凍,果汁",熱銷,*275*
276,樂事蜂蜜氣泡飲375ml,"氣泡飲,節慶,冷凍,微甜",熱銷,*276*
277,旺旺芒果麵包1L,"健康,酥脆,冷凍,麵包",熱銷,*277*
278,黑松草莓蛋白飲80g,"飲品,蛋白飲,可愛,新品",,*278*
279,小農牛奶果凍100g,"飲品,乳品,果凍,微甜",,*279*
280,味全特濃乳飲品600ml,"童年,飲品,甜點,乳飲品",熱銷,*280*
281,亞培牛奶軟糖100g,"經典,軟糖,冷藏,微甜",,*281*
282,全家蜂蜜能量飲500ml,"童年,鹹香,健康,能量飲",,*282*
283,旺旺特濃棒棒糖375ml,"童年,低脂,甜點,棒棒糖",,*283*
284,光泉蜂蜜能量飲200g,"高蛋白,蛋白質,能量飲,可愛",熱銷,*284*
285,全家特濃餅乾375ml,"童年,乳品,餅乾,可愛",,*285*
286,7-SELECT牛奶氣泡飲600ml,"氣泡飲,鮮奶,可愛,微甜",熱銷,*286*
287,光泉冰棒600ml,"酥脆,無糖,冰棒,微甜",新品,*287*
288,統一抹茶蛋白飲500ml,"飲品,鮮奶,酥脆,蛋白飲",新品,*288*
289,哈根達斯冰棒200g,"童年,飲品,健康,冰棒",,*289*
290,味全巧克力冰淇淋600ml,"童年,飲品,冰淇淋,新品",熱銷,*290*
291,森永草莓軟糖1L,"飲品,鮮奶,冷凍,軟糖",,*291*
292,小熊牌芒果蛋糕375ml,"高蛋白,新品,蛋糕,微甜",新品,*292*
293,大黑松巧克力氣泡飲1L,"高蛋白,鹹香,氣泡飲,可愛",,*293*
294,7-SELECT香草糖果200g,"糖果,無糖,冷藏,冷凍",,*294*
295,可口巧克力600ml,"巧克力,乳品,無糖,節慶",,*295*
296,7-SELECT抹茶蛋糕600ml,"經典,健康,蛋糕,新品",熱銷,*296*
297,小農特濃牛奶1L,"牛奶,蛋白質,健康,酥脆",熱銷,*297*
298,味全草莓能量飲330ml,"經典,能量飲,脆脆,可愛",,*298*
299,可樂果特濃乳清375ml,"經典,乳清,脆脆,冷藏",新品,*299*
300,哈根達斯蜂蜜牛奶80g,"童年,乳品,牛奶,酥脆",熱銷,*300*
301,小熊牌抹茶牛奶80g,"飲品,鹹香,牛奶,無糖",熱銷,*301*
302,小熊牌牛奶果汁100g,"蛋白質,甜點,脆脆,果汁",,*302*
303,大黑松特濃乳飲品500ml,"飲品,鮮奶,乳飲品,冷凍",熱銷,*303*
304,可樂果香草冰棒200g,"鹹香,甜點,冰棒,冷凍",,*304*
305,樂事巧克力蛋糕1L,"童年,鮮奶,低脂,蛋糕",,*305*
306,味全抹茶蛋糕330ml,"鹹香,乳品,蛋糕,微甜",,*306*
307,旺旺抹茶果凍600ml,"飲品,果凍,鮮奶,冷凍",熱銷,*307*
308,哈根達斯抹茶豆漿80g,"甜點,節慶,脆脆,豆漿",熱銷,*308*
309,森永香草能量飲80g,"能量飲,鮮奶,無糖,新品",新品,*309*
310,小農抹茶氣泡飲375ml,"氣泡飲,健康,冷凍,新品",熱銷,*310*
311,旺旺芒果能量飲1L,"能量飲,脆脆,冷凍,微甜",新品,*311*
312,大黑松特濃蛋糕80g,"飲品,乳品,鮮奶,蛋糕",熱銷,*312*
313,亞培芒果優酪乳200g,"優酪乳,乳品,鮮奶,可愛",熱銷,*313*
314,可樂果巧克力果凍100g,"果凍,鮮奶,低脂,酥脆",熱銷,*314*
315,明治香草乳清80g,"童年,乳清,健康,可愛",熱銷,*315*
316,7-SELECT草莓能量飲600ml,"能量飲,鹹香,無糖,微甜",,*316*
317,7-SELECT芒果蛋糕330ml,"乳品,酥脆,脆脆,蛋糕",,*317*
318,旺旺牛奶蛋糕330ml,"高蛋白,節慶,冷藏,蛋糕",熱銷,*318*
319,光泉無糖餅乾330ml,"童年,乳品,餅乾,冷藏",,*319*
320,大黑松芒果糖果375ml,"健康,酥脆,糖果,微甜",,*320*
321,味全無糖棒棒糖600ml,"經典,鹹香,脆脆,棒棒糖",熱銷,*321*
322,黑松無糖氣泡飲80g,"飲品,氣泡飲,甜點,節慶",,*322*
323,小熊牌芒果果汁200g,"童年,果汁,節慶,新品",熱銷,*323*
324,亞培香草糖果100g,"高蛋白,乳品,蛋白質,糖果",,*324*
325,乖乖牛奶豆漿600ml,"蛋白質,豆漿,新品,微甜",,*325*
326,森永無糖豆漿80g,"高蛋白,經典,蛋白質,豆漿",熱銷,*326*
327,可樂果牛奶乳清100g,"乳清,甜點,低脂,酥脆",,*327*
328,光泉洋芋片200g,"高蛋白,鹹香,甜點,洋芋片",,*328*
329,乖乖香草冰棒100g,"冰棒,甜點,無糖,冷藏",,*329*
330,全家抹茶優酪乳600ml,"飲品,低脂,優酪乳,可愛",新品,*330*
331,小熊牌蜂蜜能量飲375ml,"經典,低脂,能量飲,新品",熱銷,*331*
332,7-SELECT牛奶糖果80g,"鮮奶,脆脆,糖果,新品",,*332*
333,明治蛋白飲375ml,"童年,蛋白飲,脆脆,冷凍",新品,*333*
334,統一抹茶巧克力80g,"巧克力,健康,低脂,冷凍",,*334*
335,森永草莓巧克力80g,"童年,經典,無糖,巧克力",,*335*
336,小熊牌牛奶棒棒糖100g,"經典,鮮奶,節慶,棒棒糖",,*336*
337,大黑松抹茶巧克力100g,"巧克力,健康,節慶,冷藏",,*337*
338,雀巢牛奶乳飲品200g,"高蛋白,乳飲品,節慶,可愛",熱銷,*338*
339,味全特濃糖果1L,"低脂,節慶,脆脆,糖果",新品,*339*
340,樂事洋芋片80g,"經典,鹹香,鮮奶,洋芋片",熱銷,*340*
341,旺旺優酪乳375ml,"飲品,鹹香,酥脆,優酪乳",新品,*341*
342,小熊牌蜂蜜能量飲100g,"能量飲,乳品,甜點,冷凍",,*342*
343,大黑松抹茶乳清500ml,"微甜,乳品,乳清,新品",,*343*
344,明治特濃棒棒糖600ml,"鹹香,冷藏,可愛,棒棒糖",熱銷,*344*
345,亞培巧克力乳清80g,"乳清,冷藏,脆脆,冷凍",新品,*345*
346,小熊牌無糖優酪乳330ml,"優酪乳,鹹香,低脂,微甜",,*346*
347,小熊牌特濃能量飲600ml,"經典,乳品,能量飲,冷凍",新品,*347*
348,旺旺特濃麵包80g,"經典,酥脆,童年,麵包",新品,*348*
349,可樂果牛奶乳飲品375ml,"經典,低脂,無糖,乳飲品",熱銷,*349*
350,光泉抹茶餅乾200g,"高蛋白,經典,蛋白質,餅乾",新品,*350*
351,可口乳清200g,"乳清,蛋白質,健康,脆脆",,*351*
352,全家抹茶能量飲600ml,"高蛋白,能量飲,節慶,冷藏",,*352*
353,小農蜂蜜棒棒糖100g,"鹹香,脆脆,可愛,棒棒糖",新品,*353*
354,亞培抹茶冰棒375ml,"高蛋白,鹹香,冰棒,可愛",新品,*354*
355,全家牛奶棒棒糖500ml,"蛋白質,鮮奶,無糖,棒棒糖",,*355*
356,可樂果巧克力豆漿375ml,"豆漿,無糖,新品,微甜",,*356*
357,7-SELECT無糖冰淇淋80g,"童年,飲品,鮮奶,冰淇淋",熱銷,*357*
358,黑松香草牛奶600ml,"經典,牛奶,健康,冷凍",,*358*
359,樂事蛋糕200g,"蛋白質,甜點,酥脆,蛋糕",新品,*359*
360,雀巢蜂蜜蛋糕100g,"經典,蛋糕,冷凍,微甜",熱銷,*360*
361,黑松牛奶能量飲500ml,"能量飲,酥脆,脆脆,冷凍",新品,*361*
362,哈根達斯草莓牛奶330ml,"牛奶,酥脆,冷藏,冷凍",,*362*
363,小農草莓棒棒糖200g,"健康,鮮奶,冷藏,棒棒糖",,*363*
364,明治牛奶優酪乳375ml,"飲品,健康,優酪乳,新品",新品,*364*
365,樂事牛奶豆漿80g,"鹹香,豆漿,冷凍,微甜",熱銷,*365*
366,統一特濃冰淇淋100g,"脆脆,冰淇淋,節慶,冷藏",,*366*
367,旺旺抹茶蛋糕1L,"鹹香,酥脆,節慶,蛋糕",新品,*367*
368,可樂果特濃棒棒糖80g,"鮮奶,低脂,冷凍,棒棒糖",熱銷,*368*
369,雀巢巧克力棒棒糖500ml,"甜點,冷凍,可愛,棒棒糖",熱銷,*369*
370,味全能量飲1L,"能量飲,鹹香,酥脆,微甜",,*370*
371,小熊牌麵包80g,"鹹香,健康,冷凍,麵包",新品,*371*
372,全家抹茶果汁200g,"飲品,甜點,節慶,果汁",,*372*
373,明治特濃蛋白飲100g,"微甜,節慶,蛋白飲,新品",,*373*
374,大黑松無糖軟糖375ml,"高蛋白,鹹香,酥脆,軟糖",,*374*
375,森永抹茶牛奶330ml,"牛奶,甜點,節慶,冷凍",,*375*
376,旺旺特濃豆漿100g,"豆漿,酥脆,可愛,微甜",新品,*376*
377,小熊牌蜂蜜蛋白飲600ml,"甜點,酥脆,脆脆,蛋白飲",熱銷,*377*
378,乖乖牛奶軟糖200g,"乳品,軟糖,冷藏,微甜",,*378*
379,光泉蛋白飲500ml,"高蛋白,鹹香,乳品,蛋白飲",熱銷,*379*
380,可樂果草莓棒棒糖330ml,"童年,甜點,節慶,棒棒糖",熱銷,*380*
381,光泉巧克力巧克力375ml,"巧克力,冷藏,脆脆,冷凍",熱銷,*381*
382,小農牛奶乳清100g,"乳清,低脂,節慶,脆脆",新品,*382*
383,小熊牌香草軟糖200g,"高蛋白,低脂,酥脆,軟糖",,*383*
384,小熊牌香草優酪乳375ml,"優酪乳,鹹香,鮮奶,節慶",,*384*
385,樂事蜂蜜冰淇淋600ml,"冰淇淋,蛋白質,甜點,無糖",,*385*
386,黑松香草蛋白飲200g,"飲品,鹹香,蛋白飲,可愛",新品,*386*
387,義美無糖氣泡飲1L,"童年,氣泡飲,蛋白質,無糖",,*387*
388,7-SELECT抹茶糖果200g,"乳品,糖果,可愛,新品",熱銷,*388*
389,小農蜂蜜乳飲品330ml,"乳飲品,酥脆,節慶,冷藏",新品,*389*
390,全家冰棒600ml,"高蛋白,乳品,無糖,冰棒",新品,*390*
391,7-SELECT無糖麵包375ml,"麵包,脆脆,冷凍,新品",,*391*
392,可口抹茶餅乾100g,"飲品,餅乾,節慶,脆脆",熱銷,*392*
393,義美芒果能量飲330ml,"能量飲,蛋白質,脆脆,冷凍",,*393*
394,大黑松芒果蛋糕100g,"健康,低脂,蛋糕,可愛",,*394*
395,統一無糖果凍600ml,"飲品,乳品,果凍,健康",,*395*
396,樂事抹茶蛋白飲80g,"童年,乳品,蛋白飲,飲品",,*396*
397,小農巧克力果汁375ml,"鹹香,乳品,節慶,果汁",,*397*
398,7-SELECT香草巧克力375ml,"飲品,巧克力,健康,冷凍",,*398*
399,乖乖香草牛奶80g,"飲品,牛奶,鮮奶,脆脆",新品,*399*
400,大黑松蜂蜜果汁100g,"節慶,無糖,冷凍,果汁",新品,*400*
401,光泉香草優酪乳80g,"高蛋白,健康,酥脆,優酪乳",熱銷,*401*
402,統一蜂蜜豆漿200g,"童年,經典,豆漿,脆脆",,*402*
403,乖乖蛋糕500ml,"童年,無糖,可愛,蛋糕",新品,*403*
404,義美香草糖果330ml,"飲品,糖果,童年,冷凍",,*404*
405,光泉牛奶100g,"牛奶,鹹香,脆脆,新品",熱銷,*405*
406,7-SELECT無糖乳清200g,"脆脆,乳清,童年,冷藏",熱銷,*406*
407,森永蜂蜜果汁1L,"童年,酥脆,可愛,果汁",熱銷,*407*
408,味全草莓蛋糕1L,"經典,蛋糕,脆脆,冷凍",,*408*
409,統一蜂蜜巧克力500ml,"飲品,乳品,巧克力,新品",,*409*
410,大黑松牛奶軟糖80g,"飲品,軟糖,無糖,新品",,*410*
411,大黑松蜂蜜糖果330ml,"糖果,鮮奶,無糖,可愛",熱銷,*411*
412,味全芒果能量飲600ml,"飲品,乳品,能量飲,脆脆",,*412*
413,小農抹茶洋芋片1L,"飲品,甜點,可愛,洋芋片",新品,*413*
414,統一蜂蜜牛奶200g,"牛奶,低脂,酥脆,新品",,*414*
415,可口巧克力餅乾100g,"飲品,經典,餅乾,可愛",,*415*
416,可口香草果凍100g,"經典,飲品,蛋白質,果凍",新品,*416*
417,可樂果芒果巧克力600ml,"童年,巧克力,無糖,可愛",,*417*
418,黑松蜂蜜優酪乳600ml,"飲品,優酪乳,節慶,冷藏",,*418*
419,大黑松草莓牛奶100g,"牛奶,乳品,蛋白質,冷凍",,*419*
420,全家芒果蛋白飲375ml,"經典,節慶,可愛,蛋白飲",新品,*420*
421,義美草莓牛奶200g,"牛奶,酥脆,冷凍,微甜",,*421*
422,雀巢特濃牛奶330ml,"童年,鹹香,牛奶,節慶",,*422*
423,全家牛奶豆漿500ml,"健康,甜點,脆脆,豆漿",熱銷,*423*
424,雀巢無糖餅乾1L,"高蛋白,飲品,無糖,餅乾",,*424*
425,7-SELECT無糖乳清100g,"乳清,蛋白質,節慶,冷凍",,*425*
426,可樂果無糖乳清200g,"高蛋白,鹹香,乳清,微甜",熱銷,*426*
427,7-SELECT草莓牛奶600ml,"牛奶,乳品,低脂,冷凍",熱銷,*427*
428,小熊牌香草餅乾330ml,"飲品,經典,餅乾,冷藏",熱銷,*428*
429,雀巢特濃乳飲品500ml,"童年,經典,乳飲品,冷凍",熱銷,*429*
430,7-SELECT特濃餅乾100g,"高蛋白,甜點,節慶,餅乾",新品,*430*
431,統一巧克力果汁375ml,"飲品,鹹香,鮮奶,果汁",,*431*
432,哈根達斯草莓蛋白飲375ml,"高蛋白,健康,酥脆,蛋白飲",,*432*
433,旺旺特濃餅乾80g,"健康,低脂,餅乾,冷凍",熱銷,*433*
434,大黑松牛奶豆漿375ml,"鮮奶,健康,酥脆,豆漿",熱銷,*434*
435,哈根達斯巧克力餅乾80g,"鹹香,甜點,餅乾,可愛",,*435*
436,小熊牌草莓洋芋片100g,"童年,經典,鮮奶,洋芋片",,*436*
437,雀巢芒果麵包1L,"鹹香,酥脆,麵包,微甜",,*437*
438,可口草莓蛋白飲200g,"經典,蛋白飲,脆脆,可愛",新品,*438*
439,統一抹茶糖果375ml,"蛋白質,糖果,無糖,冷藏",,*439*
440,可樂果特濃能量飲1L,"經典,鹹香,能量飲,新品",新品,*440*
441,哈根達斯牛奶糖果600ml,"飲品,蛋白質,低脂,糖果",熱銷,*441*
442,小熊牌芒果棒棒糖600ml,"童年,蛋白質,酥脆,棒棒糖",熱銷,*442*
443,哈根達斯巧克力軟糖600ml,"經典,蛋白質,健康,軟糖",,*443*
444,大黑松麵包200g,"童年,乳品,鹹香,麵包",新品,*444*
445,小熊牌草莓蛋白飲80g,"高蛋白,飲品,乳品,蛋白飲",熱銷,*445*
446,小農抹茶果凍500ml,"高蛋白,果凍,鮮奶,新品",,*446*
447,可樂果巧克力餅乾100g,"高蛋白,餅乾,健康,脆脆",,*447*
448,可口香草能量飲600ml,"童年,鹹香,能量飲,酥脆",熱銷,*448*
449,旺旺巧克力軟糖1L,"童年,健康,軟糖,微甜",新品,*449*
450,黑松香草冰棒1L,"童年,高蛋白,冰棒,新品",熱銷,*450*
451,明治無糖牛奶600ml,"高蛋白,蛋白質,牛奶,節慶",,*451*
452,光泉香草麵包1L,"鹹香,冷凍,可愛,麵包",,*452*
453,味全巧克力果凍600ml,"果凍,健康,酥脆,脆脆",,*453*
454,7-SELECT抹茶巧克力500ml,"巧克力,甜點,節慶,可愛",熱銷,*454*
455,大黑松草莓糖果1L,"鹹香,蛋白質,糖果,新品",,*455*
456,可口特濃軟糖80g,"軟糖,無糖,節慶,微甜",熱銷,*456*
457,乖乖特濃果汁600ml,"高蛋白,低脂,果汁,微甜",,*457*
458,樂事草莓能量飲500ml,"經典,乳品,低脂,能量飲",,*458*
459,7-SELECT無糖巧克力600ml,"巧克力,低脂,節慶,可愛",,*459*
460,樂事抹茶牛奶1L,"牛奶,鮮奶,脆脆,新品",熱銷,*460*
461,大黑松特濃氣泡飲80g,"鹹香,氣泡飲,酥脆,冷藏",,*461*
462,樂事抹茶果汁100g,"甜點,脆脆,可愛,果汁",,*462*
463,森永抹茶優酪乳600ml,"優酪乳,蛋白質,脆脆,微甜",,*463*
464,小熊牌蜂蜜餅乾500ml,"高蛋白,甜點,無糖,餅乾",熱銷,*464*
465,亞培香草能量飲330ml,"能量飲,鮮奶,甜點,新品",熱銷,*465*
466,小熊牌無糖洋芋片80g,"飲品,蛋白質,健康,洋芋片",新品,*466*
467,旺旺香草蛋糕600ml,"飲品,冷藏,蛋糕,新品",熱銷,*467*
468,明治特濃果凍200g,"童年,高蛋白,果凍,微甜",熱銷,*468*
469,味全抹茶巧克力200g,"鹹香,蛋白質,健康,巧克力",熱銷,*469*
470,旺旺巧克力牛奶500ml,"牛奶,無糖,冷藏,冷凍",新品,*470*
471,7-SELECT無糖蛋糕500ml,"無糖,冷藏,蛋糕,微甜",,*471*
472,亞培香草洋芋片80g,"童年,鹹香,洋芋片,微甜",,*472*
473,森永牛奶軟糖80g,"健康,軟糖,冷藏,新品",,*473*
474,統一草莓軟糖375ml,"鹹香,甜點,低脂,軟糖",熱銷,*474*
475,明治香草冰淇淋375ml,"童年,乳品,酥脆,冰淇淋",熱銷,*475*
476,小熊牌蜂蜜豆漿80g,"飲品,甜點,豆漿,新品",,*476*
477,光泉牛奶麵包80g,"童年,乳品,低脂,麵包",,*477*
478,乖乖果凍1L,"蛋白質,果凍,節慶,可愛",,*478*
479,味全牛奶豆漿330ml,"高蛋白,健康,甜點,豆漿",熱銷,*479*
480,味全無糖棒棒糖200g,"鮮奶,冷藏,冷凍,棒棒糖",,*480*
481,乖乖抹茶蛋白飲100g,"經典,冷藏,蛋白飲,脆脆",熱銷,*481*
482,可樂果特濃優酪乳375ml,"優酪乳,鹹香,甜點,冷凍",,*482*
483,小農草莓洋芋片80g,"蛋白質,節慶,脆脆,洋芋片",熱銷,*483*
484,義美抹茶冰淇淋330ml,"童年,冰淇淋,無糖,可愛",,*484*
485,明治巧克力糖果600ml,"童年,蛋白質,高蛋白,糖果",熱銷,*485*
486,森永香草冰淇淋80g,"飲品,鹹香,經典,冰淇淋",熱銷,*486*
487,7-SELECT抹茶麵包375ml,"冷藏,脆脆,冷凍,麵包",,*487*
488,可樂果牛奶氣泡飲330ml,"高蛋白,氣泡飲,低脂,冷凍",,*488*
489,雀巢特濃冰淇淋500ml,"冰淇淋,節慶,冷藏,微甜",熱銷,*489*
490,哈根達斯蜂蜜果汁200g,"鮮奶,脆脆,冷凍,果汁",新品,*490*
491,小熊牌蜂蜜冰棒330ml,"經典,蛋白質,低脂,冰棒",熱銷,*491*
492,明治蜂蜜糖果330ml,"經典,鮮奶,糖果,新品",,*492*
493,味全芒果糖果80g,"鹹香,鮮奶,糖果,微甜",,*493*
494,樂事抹茶乳飲品1L,"乳飲品,節慶,健康,酥脆",新品,*494*
495,味全無糖軟糖200g,"高蛋白,鮮奶,軟糖,新品",熱銷,*495*
496,乖乖特濃果汁100g,"甜點,果汁,冷凍,微甜",,*496*
497,全家巧克力蛋糕375ml,"低脂,酥脆,冷藏,蛋糕",熱銷,*497*
498,光泉巧克力麵包500ml,"經典,飲品,可愛,麵包",,*498*
499,小農無糖冰棒1L,"經典,鹹香,冰棒,新品",,*499*
500,樂事草莓棒棒糖330ml,"鮮奶,甜點,冷藏,棒棒糖",,*500*
501,光泉無糖乳清600ml,"乳清,冷凍,脆脆,可愛",,*501*
502,小熊牌餅乾80g,"高蛋白,餅乾,健康,甜點",新品,*502*
503,可樂果無糖果汁200g,"童年,乳品,健康,果汁",熱銷,*503*
504,黑松草莓蛋糕80g,"蛋白質,節慶,蛋糕,新品",熱銷,*504*
505,義美氣泡飲200g,"鮮奶,氣泡飲,低脂,無糖",,*505*
506,義美草莓果凍100g,"鹹香,果凍,低脂,甜點",熱銷,*506*
507,全家特濃果凍375ml,"飲品,鮮奶,果凍,低脂",,*507*
508,光泉特濃洋芋片330ml,"脆脆,洋芋片,冷藏,微甜",熱銷,*508*
509,乖乖香草冰淇淋500ml,"經典,冰淇淋,鮮奶,酥脆",,*509*
510,全家巧克力餅乾500ml,"童年,乳品,無糖,餅乾",,*510*
511,小熊牌抹茶棒棒糖375ml,"乳品,蛋白質,無糖,棒棒糖",熱銷,*511*
512,7-SELECT草莓優酪乳600ml,"優酪乳,酥脆,冷凍,新品",新品,*512*
513,亞培巧克力600ml,"飲品,巧克力,高蛋白,低脂",,*513*
514,明治香草果汁600ml,"高蛋白,乳品,鹹香,果汁",熱銷,*514*
515,光泉香草洋芋片600ml,"健康,低脂,脆脆,洋芋片",,*515*
516,明治草莓果汁1L,"低脂,酥脆,可愛,果汁",新品,*516*
517,7-SELECT軟糖500ml,"乳品,軟糖,冷藏,新品",新品,*517*
518,可樂果特濃餅乾500ml,"鹹香,蛋白質,低脂,餅乾",,*518*
519,可口蜂蜜果汁80g,"高蛋白,節慶,脆脆,果汁",熱銷,*519*
520,旺旺抹茶麵包80g,"童年,乳品,麵包,微甜",,*520*
521,黑松抹茶優酪乳80g,"優酪乳,無糖,脆脆,新品",,*521*
522,光泉蜂蜜能量飲100g,"能量飲,乳品,節慶,鹹香",,*522*
523,小農特濃餅乾100g,"鮮奶,健康,無糖,餅乾",熱銷,*523*
524,7-SELECT蜂蜜果凍100g,"果凍,甜點,冷凍,新品",新品,*524*
525,可樂果牛奶果汁80g,"高蛋白,鹹香,果汁,新品",,*525*
526,光泉棒棒糖600ml,"蛋白質,節慶,冷凍,棒棒糖",,*526*
527,森永特濃乳飲品80g,"飲品,蛋白質,乳飲品,脆脆",,*527*
528,亞培蜂蜜巧克力375ml,"鹹香,巧克力,可愛,微甜",,*528*
529,樂事芒果能量飲1L,"飲品,鮮奶,能量飲,冷藏",熱銷,*529*
530,義美無糖蛋糕100g,"飲品,健康,低脂,蛋糕",熱銷,*530*
531,統一巧克力200g,"童年,鹹香,巧克力,可愛",熱銷,*531*
532,大黑松香草牛奶330ml,"牛奶,甜點,無糖,冷藏",,*532*
533,亞培無糖洋芋片500ml,"低脂,節慶,可愛,洋芋片",熱銷,*533*
534,全家巧克力氣泡飲330ml,"氣泡飲,蛋白質,鮮奶,可愛",,*534*
535,小農巧克力果凍375ml,"果凍,鮮奶,酥脆,微甜",,*535*
536,大黑松無糖果汁1L,"童年,節慶,可愛,果汁",,*536*
537,樂事特濃巧克力500ml,"巧克力,酥脆,可愛,新品",,*537*
538,小熊牌優酪乳330ml,"高蛋白,甜點,酥脆,優酪乳",,*538*
539,樂事特濃能量飲330ml,"能量飲,乳品,鮮奶,酥脆",,*539*
540,大黑松香草牛奶200g,"牛奶,鹹香,乳品,冷凍",,*540*
541,光泉巧克力餅乾600ml,"經典,鮮奶,餅乾,新品",,*541*
542,味全香草軟糖600ml,"軟糖,節慶,可愛,新品",,*542*
543,明治果汁200g,"高蛋白,健康,甜點,果汁",,*543*
544,光泉香草糖果1L,"童年,健康,低脂,糖果",熱銷,*544*
545,大黑松芒果洋芋片330ml,"乳品,洋芋片,健康,新品",,*545*
546,森永無糖餅乾100g,"餅乾,甜點,脆脆,冷凍",,*546*
547,樂事草莓乳飲品100g,"高蛋白,飲品,乳飲品,童年",,*547*
548,哈根達斯特濃豆漿1L,"健康,鮮奶,冷藏,豆漿",熱銷,*548*
549,大黑松香草洋芋片375ml,"高蛋白,飲品,鹹香,洋芋片",,*549*
550,義美牛奶軟糖100g,"童年,經典,冷藏,軟糖",,*550*
551,乖乖草莓冰淇淋375ml,"高蛋白,冰淇淋,低脂,無糖",熱銷,*551*
552,小熊牌洋芋片500ml,"洋芋片,鮮奶,節慶,新品",,*552*
553,森永蜂蜜糖果500ml,"蛋白質,健康,無糖,糖果",,*553*
554,亞培蛋糕330ml,"經典,童年,冷藏,蛋糕",新品,*554*
555,小農草莓蛋糕1L,"飲品,新品,蛋糕,微甜",新品,*555*
556,小熊牌巧克力氣泡飲1L,"氣泡飲,鮮奶,酥脆,微甜",,*556*
557,義美優酪乳330ml,"優酪乳,鮮奶,冷凍,新品",熱銷,*557*
558,光泉香草糖果1L,"童年,低脂,糖果,可愛",熱銷,*558*
559,7-SELECT乳清200g,"乳清,低脂,無糖,冷凍",,*559*
560,味全巧克力蛋白飲1L,"飲品,低脂,蛋白飲,可愛",熱銷,*560*
561,森永特濃氣泡飲500ml,"乳品,氣泡飲,無糖,脆脆",,*561*
562,可口蛋白飲80g,"經典,蛋白質,甜點,蛋白飲",,*562*
563,雀巢牛奶果汁80g,"鮮奶,脆脆,冷凍,果汁",,*563*
564,統一芒果蛋白飲200g,"低脂,節慶,冷藏,蛋白飲",,*564*
565,義美牛奶棒棒糖100g,"鹹香,甜點,棒棒糖,新品",新品,*565*
566,樂事優酪乳500ml,"優酪乳,乳品,冷凍,可愛",,*566*
567,黑松果凍200g,"高蛋白,果凍,脆脆,微甜",新品,*567*
568,小熊牌巧克力果凍600ml,"經典,果凍,健康,微甜",,*568*
569,雀巢芒果巧克力80g,"經典,巧克力,高蛋白,酥脆",新品,*569*
570,大黑松牛奶豆漿100g,"飲品,健康,童年,豆漿",,*570*
571,全家牛奶果汁600ml,"鹹香,甜點,脆脆,果汁",,*571*
572,樂事無糖蛋白飲100g,"低脂,無糖,蛋白飲,新品",新品,*572*
573,可樂果巧克力蛋糕330ml,"乳品,甜點,節慶,蛋糕",,*573*
574,旺旺糖果375ml,"鹹香,糖果,酥脆,脆脆",,*574*
575,大黑松無糖冰棒200g,"脆脆,冰棒,冷藏,微甜",,*575*
576,哈根達斯巧克力棒棒糖100g,"鹹香,甜點,棒棒糖,新品",熱銷,*576*
577,義美芒果氣泡飲1L,"氣泡飲,節慶,無糖,微甜",新品,*577*
578,明治草莓果汁1L,"乳品,鹹香,酥脆,果汁",熱銷,*578*
579,統一抹茶麵包500ml,"蛋白質,酥脆,可愛,麵包",新品,*579*
580,大黑松抹茶乳飲品200g,"乳飲品,乳品,新品,微甜",新品,*580*
581,森永抹茶能量飲375ml,"能量飲,鮮奶,甜點,冷凍",,*581*
582,樂事洋芋片500ml,"童年,健康,低脂,洋芋片",,*582*
583,味全無糖蛋糕600ml,"鹹香,蛋白質,節慶,蛋糕",,*583*
584,乖乖芒果蛋糕80g,"蛋白質,鮮奶,脆脆,蛋糕",熱銷,*584*
585,樂事麵包500ml,"經典,酥脆,麵包,微甜",新品,*585*
586,雀巢牛奶麵包600ml,"童年,蛋白質,低脂,麵包",,*586*
587,哈根達斯芒果餅乾330ml,"鹹香,餅乾,可愛,新品",新品,*587*
588,全家牛奶棒棒糖100g,"經典,健康,鮮奶,棒棒糖",熱銷,*588*
589,義美芒果冰淇淋375ml,"冰淇淋,鹹香,酥脆,可愛",新品,*589*
590,大黑松牛奶冰棒80g,"童年,蛋白質,健康,冰棒",,*590*
591,雀巢巧克力麵包200g,"童年,低脂,甜點,麵包",,*591*
592,明治特濃棒棒糖330ml,"經典,棒棒糖,可愛,微甜",新品,*592*
593,乖乖巧克力牛奶200g,"高蛋白,牛奶,健康,低脂",新品,*593*
594,小熊牌牛奶蛋白飲375ml,"童年,低脂,無糖,蛋白飲",新品,*594*
595,可樂果草莓蛋白飲500ml,"乳品,蛋白質,酥脆,蛋白飲",,*595*
596,7-SELECT蜂蜜麵包500ml,"高蛋白,脆脆,冷凍,麵包",新品,*596*
597,可口抹茶軟糖330ml,"軟糖,節慶,冷凍,新品",熱銷,*597*
598,乖乖洋芋片330ml,"乳品,洋芋片,無糖,新品",新品,*598*
599,可樂果巧克力乳飲品330ml,"乳飲品,健康,冷凍,微甜",熱銷,*599*
600,亞培豆漿1L,"飲品,甜點,豆漿,冷凍",,*600*
601,小農抹茶糖果330ml,"飲品,健康,酥脆,糖果",熱銷,*601*
602,光泉巧克力洋芋片375ml,"鹹香,洋芋片,健康,新品",,*602*
603,可樂果草莓軟糖500ml,"健康,脆脆,冷凍,軟糖",新品,*603*
604,旺旺草莓果汁600ml,"飲品,童年,冷藏,果汁",,*604*
605,亞培芒果巧克力80g,"巧克力,鮮奶,脆脆,新品",新品,*605*
606,味全蜂蜜冰淇淋1L,"冰淇淋,鮮奶,酥脆,脆脆",熱銷,*606*
607,哈根達斯特濃巧克力80g,"巧克力,鮮奶,低脂,脆脆",熱銷,*607*
608,義美無糖餅乾500ml,"鮮奶,節慶,餅乾,可愛",,*608*
609,旺旺草莓果凍200g,"童年,蛋白質,甜點,果凍",熱銷,*609*
610,雀巢無糖冰棒1L,"冰棒,乳品,無糖,冷藏",熱銷,*610*
611,樂事優酪乳80g,"優酪乳,健康,甜點,冷凍",熱銷,*611*
612,統一芒果乳飲品80g,"高蛋白,乳飲品,節慶,新品",熱銷,*612*
613,旺旺草莓果凍80g,"經典,健康,低脂,果凍",,*613*
614,義美蛋白飲100g,"鹹香,蛋白質,蛋白飲,新品",熱銷,*614*
615,小農無糖棒棒糖200g,"童年,乳品,低脂,棒棒糖",,*615*
616,可樂果草莓優酪乳100g,"優酪乳,乳品,健康,脆脆",新品,*616*
617,全家草莓牛奶200g,"牛奶,低脂,節慶,冷凍",新品,*617*
618,樂事蜂蜜冰淇淋200g,"經典,蛋白質,健康,冰淇淋",熱銷,*618*
619,可樂果特濃餅乾1L,"乳品,餅乾,可愛,微甜",,*619*
620,義美牛奶豆漿375ml,"高蛋白,乳品,鮮奶,豆漿",,*620*
621,義美特濃乳清200g,"高蛋白,乳清,鮮奶,低脂",熱銷,*621*
622,樂事香草餅乾375ml,"飲品,節慶,餅乾,新品",,*622*
623,光泉無糖冰棒200g,"飲品,冰棒,酥脆,脆脆",新品,*623*
624,森永香草棒棒糖330ml,"低脂,脆脆,棒棒糖,微甜",,*624*
625,樂事草莓餅乾500ml,"餅乾,蛋白質,鮮奶,脆脆",,*625*
626,哈根達斯草莓洋芋片600ml,"蛋白質,節慶,脆脆,洋芋片",,*626*
627,全家草莓乳飲品1L,"乳飲品,健康,低脂,冷凍",,*627*
628,森永草莓棒棒糖200g,"蛋白質,低脂,酥脆,棒棒糖",,*628*
629,乖乖牛奶冰棒375ml,"童年,鹹香,無糖,冰棒",熱銷,*629*
630,可樂果蜂蜜棒棒糖1L,"高蛋白,經典,節慶,棒棒糖",,*630*
631,光泉抹茶麵包80g,"麵包,甜點,脆脆,新品",,*631*
632,可口特濃軟糖600ml,"健康,軟糖,脆脆,微甜",熱銷,*632*
633,全家抹茶冰棒330ml,"高蛋白,酥脆,無糖,冰棒",,*633*
634,哈根達斯無糖冰淇淋80g,"童年,經典,酥脆,冰淇淋",熱銷,*634*
635,雀巢無糖冰淇淋600ml,"冰淇淋,甜點,節慶,冷凍",,*635*
636,小熊牌巧克力蛋糕600ml,"飲品,蛋糕,冷凍,可愛",新品,*636*
637,旺旺抹茶果凍1L,"高蛋白,果凍,節慶,脆脆",,*637*
638,義美抹茶巧克力375ml,"巧克力,鮮奶,節慶,冷藏",,*638*
639,全家蜂蜜果汁375ml,"乳品,節慶,冷凍,果汁",熱銷,*639*
640,哈根達斯芒果洋芋片375ml,"飲品,洋芋片,鮮奶,新品",,*640*
641,森永芒果豆漿1L,"健康,冷藏,可愛,豆漿",,*641*
642,亞培無糖豆漿100g,"乳品,豆漿,冷藏,微甜",熱銷,*642*
643,亞培香草冰淇淋375ml,"冰淇淋,乳品,低脂,微甜",熱銷,*643*
644,黑松芒果蛋白飲200g,"童年,乳品,低脂,蛋白飲",熱銷,*644*
645,光泉芒果乳飲品330ml,"乳飲品,低脂,節慶,脆脆",新品,*645*
646,明治牛奶能量飲330ml,"經典,能量飲,冷凍,新品",熱銷,*646*
647,明治抹茶豆漿80g,"健康,豆漿,可愛,微甜",,*647*
648,樂事抹茶洋芋片330ml,"鹹香,蛋白質,脆脆,洋芋片",,*648*
649,樂事蜂蜜冰棒200g,"健康,鮮奶,節慶,冰棒",,*649*
650,光泉牛奶優酪乳80g,"優酪乳,鮮奶,冷凍,新品",,*650*
651,統一無糖冰棒80g,"鮮奶,蛋白質,健康,冰棒",,*651*
652,統一芒果乳清600ml,"乳清,蛋白質,節慶,冷藏",熱銷,*652*
653,可口巧克力200g,"巧克力,冷藏,可愛,新品",,*653*
654,大黑松抹茶蛋糕1L,"鹹香,蛋糕,可愛,新品",,*654*
655,味全牛奶麵包1L,"高蛋白,蛋白質,鮮奶,麵包",,*655*
656,可樂果無糖冰淇淋100g,"冰淇淋,無糖,酥脆,脆脆",,*656*
657,7-SELECT蜂蜜蛋糕80g,"飲品,鮮奶,童年,蛋糕",熱銷,*657*
658,小熊牌芒果氣泡飲100g,"童年,氣泡飲,低脂,冷凍",,*658*
659,森永抹茶豆漿100g,"高蛋白,飲品,乳品,豆漿",熱銷,*659*
660,味全牛奶蛋糕100g,"酥脆,節慶,脆脆,蛋糕",熱銷,*660*
661,哈根達斯無糖乳清375ml,"乳清,健康,甜點,新品",,*661*
662,小農巧克力糖果80g,"經典,健康,甜點,糖果",,*662*
663,義美抹茶蛋糕1L,"童年,鹹香,酥脆,蛋糕",熱銷,*663*
664,雀巢蛋白飲330ml,"經典,蛋白質,節慶,蛋白飲",,*664*
665,乖乖巧克力豆漿375ml,"低脂,酥脆,豆漿,新品",熱銷,*665*
666,小熊牌巧克力糖果500ml,"飲品,經典,低脂,糖果",熱銷,*666*
667,明治無糖糖果500ml,"童年,低脂,冷藏,糖果",新品,*667*
668,義美牛奶巧克力80g,"鹹香,巧克力,脆脆,可愛",,*668*
669,全家抹茶蛋白飲375ml,"節慶,蛋白飲,新品,微甜",熱銷,*669*
670,光泉無糖軟糖1L,"乳品,甜點,酥脆,軟糖",,*670*
671,樂事牛奶洋芋片375ml,"高蛋白,蛋白質,低脂,洋芋片",新品,*671*
672,味全草莓麵包375ml,"高蛋白,鹹香,酥脆,麵包",熱銷,*672*
673,旺旺牛奶能量飲600ml,"飲品,能量飲,脆脆,新品",新品,*673*
674,可口巧克力果凍200g,"蛋白質,果凍,冷凍,微甜",,*674*
675,光泉蜂蜜糖果1L,"健康,鮮奶,蛋白質,糖果",,*675*
676,亞培特濃果汁375ml,"鮮奶,健康,冷凍,果汁",熱銷,*676*
677,小農巧克力330ml,"乳品,低脂,巧克力,冷凍",熱銷,*677*
678,可口牛奶冰棒375ml,"高蛋白,乳品,健康,冰棒",,*678*
679,乖乖蜂蜜麵包200g,"健康,甜點,可愛,麵包",,*679*
680,7-SELECT巧克力果凍500ml,"高蛋白,果凍,低脂,脆脆",熱銷,*680*
681,全家巧克力巧克力80g,"巧克力,蛋白質,冷凍,可愛",新品,*681*
682,亞培芒果軟糖80g,"飲品,節慶,可愛,軟糖",熱銷,*682*
683,明治巧克力蛋白飲100g,"經典,甜點,酥脆,蛋白飲",,*683*
684,樂事草莓冰棒500ml,"飲品,蛋白質,冰棒,可愛",熱銷,*684*
685,可樂果草莓冰棒375ml,"經典,甜點,節慶,冰棒",熱銷,*685*
686,樂事牛奶氣泡飲375ml,"經典,氣泡飲,甜點,低脂",熱銷,*686*
687,可樂果芒果優酪乳330ml,"優酪乳,鹹香,蛋白質,健康",新品,*687*
688,小農香草洋芋片375ml,"洋芋片,無糖,酥脆,微甜",,*688*
689,小熊牌蜂蜜蛋白飲375ml,"經典,蛋白質,甜點,蛋白飲",,*689*
690,可口草莓果汁1L,"乳品,鮮奶,果汁,新品",新品,*690*
691,旺旺巧克力洋芋片80g,"童年,無糖,脆脆,洋芋片",,*691*
692,統一草莓蛋糕80g,"童年,鹹香,節慶,蛋糕",,*692*
693,味全香草冰淇淋80g,"冰淇淋,蛋白質,低脂,脆脆",,*693*
694,味全巧克力果凍600ml,"經典,果凍,酥脆,新品",,*694*
695,哈根達斯草莓麵包80g,"乳品,鹹香,脆脆,麵包",,*695*
696,黑松蜂蜜氣泡飲200g,"鹹香,氣泡飲,無糖,可愛",,*696*
697,乖乖無糖軟糖1L,"高蛋白,酥脆,脆脆,軟糖",,*697*
698,哈根達斯香草乳飲品500ml,"乳飲品,酥脆,脆脆,可愛",熱銷,*698*
699,黑松牛奶洋芋片600ml,"飲品,無糖,可愛,洋芋片",,*699*
700,7-SELECT特濃蛋白飲100g,"童年,酥脆,蛋白飲,新品",,*700*
701,味全香草軟糖330ml,"經典,甜點,可愛,軟糖",熱銷,*701*
702,旺旺無糖優酪乳500ml,"飲品,無糖,優酪乳,可愛",,*702*
703,可口香草果凍1L,"果凍,鮮奶,冷凍,微甜",熱銷,*703*
704,味全特濃餅乾375ml,"餅乾,蛋白質,酥脆,脆脆",熱銷,*704*
705,大黑松特濃牛奶330ml,"經典,牛奶,健康,微甜",,*705*
706,統一芒果乳飲品500ml,"乳飲品,無糖,脆脆,新品",熱銷,*706*
707,大黑松香草蛋白飲80g,"飲品,乳品,鮮奶,蛋白飲",新品,*707*
708,7-SELECT牛奶蛋白飲375ml,"經典,鹹香,蛋白飲,可愛",熱銷,*708*
709,7-SELECT牛奶麵包375ml,"高蛋白,乳品,節慶,麵包",新品,*709*
710,可口蜂蜜牛奶330ml,"牛奶,蛋白質,甜點,可愛",,*710*
711,樂事香草糖果80g,"鮮奶,甜點,糖果,微甜",,*711*
712,小熊牌抹茶優酪乳100g,"微甜,酥脆,優酪乳,新品",,*712*
713,光泉蛋白飲375ml,"飲品,乳品,無糖,蛋白飲",,*713*
714,義美抹茶麵包500ml,"經典,童年,冷藏,麵包",熱銷,*714*
715,可口抹茶乳清100g,"童年,蛋白質,鮮奶,乳清",新品,*715*
716,哈根達斯香草牛奶80g,"牛奶,鹹香,冷藏,冷凍",,*716*
717,樂事特濃牛奶80g,"牛奶,乳品,鮮奶,冷藏",熱銷,*717*
718,光泉香草洋芋片600ml,"童年,鹹香,甜點,洋芋片",熱銷,*718*
719,可樂果蜂蜜豆漿500ml,"高蛋白,經典,健康,豆漿",熱銷,*719*
720,統一香草牛奶200g,"牛奶,低脂,節慶,酥脆",熱銷,*720*
721,大黑松牛奶蛋糕80g,"高蛋白,低脂,蛋糕,新品",,*721*
722,旺旺特濃棒棒糖80g,"鮮奶,冷凍,可愛,棒棒糖",熱銷,*722*
723,義美巧克力牛奶80g,"牛奶,甜點,可愛,新品",熱銷,*723*
724,全家氣泡飲600ml,"鹹香,氣泡飲,甜點,酥脆",新品,*724*
725,乖乖無糖洋芋片200g,"乳品,低脂,酥脆,洋芋片",,*725*
726,大黑松芒果果凍500ml,"童年,果凍,低脂,節慶",熱銷,*726*
727,可口芒果豆漿375ml,"高蛋白,豆漿,酥脆,新品",,*727*
728,亞培牛奶蛋糕500ml,"童年,乳品,冷藏,蛋糕",熱銷,*728*
729,小熊牌香草巧克力100g,"巧克力,鹹香,節慶,冷凍",熱銷,*729*
730,全家芒果洋芋片1L,"鮮奶,低脂,脆脆,洋芋片",熱銷,*730*
731,全家牛奶乳清100g,"乳清,健康,脆脆,冷凍",熱銷,*731*
732,統一蜂蜜麵包80g,"高蛋白,乳品,脆脆,麵包",,*732*
733,黑松牛奶冰淇淋200g,"冰淇淋,乳品,甜點,低脂",,*733*
734,旺旺特濃牛奶600ml,"高蛋白,牛奶,甜點,酥脆",,*734*
735,小農抹茶豆漿1L,"鹹香,蛋白質,甜點,豆漿",,*735*
736,黑松洋芋片375ml,"蛋白質,無糖,脆脆,洋芋片",,*736*
737,全家香草乳清500ml,"乳清,脆脆,可愛,微甜",熱銷,*737*
738,可樂果香草糖果375ml,"經典,蛋白質,鮮奶,糖果",,*738*
739,小農無糖氣泡飲600ml,"童年,氣泡飲,健康,低脂",,*739*
740,可樂果特濃軟糖200g,"鹹香,健康,脆脆,軟糖",,*740*
741,小農草莓乳飲品330ml,"童年,乳品,乳飲品,可愛",新品,*741*
742,小農抹茶冰棒500ml,"乳品,冰棒,脆脆,微甜",熱銷,*742*
743,味全抹茶蛋白飲100g,"健康,酥脆,蛋白飲,微甜",熱銷,*743*
744,雀巢抹茶氣泡飲1L,"童年,經典,氣泡飲,冷凍",,*744*
745,統一無糖果凍1L,"果凍,甜點,冷凍,微甜",,*745*
746,大黑松特濃冰棒80g,"鹹香,冰棒,脆脆,可愛",,*746*
747,旺旺巧克力600ml,"經典,巧克力,節慶,可愛",,*747*
748,大黑松餅乾80g,"高蛋白,乳品,甜點,餅乾",熱銷,*748*
749,可樂果芒果氣泡飲100g,"氣泡飲,甜點,酥脆,新品",熱銷,*749*
750,7-SELECT巧克力冰棒600ml,"蛋白質,冰棒,脆脆,新品",,*750*
751,森永芒果牛奶330ml,"飲品,牛奶,酥脆,新品",熱銷,*751*
752,義美無糖能量飲100g,"能量飲,蛋白質,健康,脆脆",熱銷,*752*
753,7-SELECT抹茶冰棒600ml,"童年,酥脆,節慶,冰棒",,*753*
754,全家無糖軟糖80g,"經典,蛋白質,無糖,軟糖",熱銷,*754*
755,可樂果牛奶糖果200g,"經典,鹹香,糖果,節慶",新品,*755*
756,明治巧克力果汁330ml,"高蛋白,果汁,冷藏,新品",,*756*
757,小熊牌香草牛奶330ml,"牛奶,蛋白質,酥脆,節慶",熱銷,*757*
758,樂事軟糖80g,"經典,酥脆,可愛,軟糖",新品,*758*
759,大黑松香草牛奶600ml,"經典,牛奶,甜點,冷凍",新品,*759*
760,小熊牌牛奶果汁80g,"果汁,無糖,可愛,新品",熱銷,*760*
761,全家芒果果汁600ml,"甜點,節慶,可愛,果汁",新品,*761*
762,乖乖無糖巧克力80g,"巧克力,蛋白質,冷凍,新品",新品,*762*
763,旺旺草莓棒棒糖100g,"節慶,甜點,酥脆,棒棒糖",,*763*
764,統一牛奶蛋糕330ml,"蛋白質,低脂,節慶,蛋糕",熱銷,*764*
765,亞培餅乾600ml,"經典,餅乾,健康,甜點",新品,*765*
766,森永草莓麵包600ml,"經典,飲品,麵包,新品",熱銷,*766*
767,黑松特濃餅乾100g,"高蛋白,鮮奶,酥脆,餅乾",,*767*
768,哈根達斯草莓牛奶375ml,"高蛋白,牛奶,節慶,冷凍",新品,*768*
769,光泉牛奶氣泡飲600ml,"鹹香,乳品,低脂,氣泡飲",,*769*
770,旺旺牛奶洋芋片600ml,"鹹香,鮮奶,可愛,洋芋片",新品,*770*
771,全家巧克力能量飲1L,"高蛋白,乳品,能量飲,脆脆",熱銷,*771*
772,味全香草蛋糕80g,"鹹香,鮮奶,蛋糕,新品",,*772*
773,味全特濃餅乾600ml,"飲品,乳品,甜點,餅乾",熱銷,*773*
774,可樂果抹茶軟糖600ml,"蛋白質,健康,可愛,軟糖",,*774*
775,可樂果特濃能量飲80g,"能量飲,健康,節慶,可愛",新品,*775*
776,亞培巧克力巧克力100g,"高蛋白,巧克力,低脂,微甜",,*776*
777,旺旺麵包1L,"麵包,無糖,脆脆,微甜",,*777*
778,乖乖抹茶巧克力100g,"經典,巧克力,健康,新品",,*778*
779,黑松抹茶能量飲600ml,"童年,乳品,蛋白質,能量飲",熱銷,*779*
780,味全香草糖果375ml,"糖果,脆脆,可愛,微甜",,*780*
781,義美香草乳清100g,"經典,乳清,酥脆,微甜",,*781*
782,7-SELECT芒果洋芋片375ml,"蛋白質,甜點,節慶,洋芋片",,*782*
783,乖乖香草巧克力500ml,"飲品,巧克力,節慶,酥脆",,*783*
784,黑松芒果麵包1L,"鹹香,蛋白質,麵包,微甜",新品,*784*
785,森永巧克力冰淇淋600ml,"飲品,冰淇淋,節慶,可愛",熱銷,*785*
786,味全巧克力牛奶600ml,"經典,牛奶,酥脆,冷凍",熱銷,*786*
787,小農巧克力牛奶1L,"牛奶,鮮奶,甜點,微甜",,*787*
788,哈根達斯蜂蜜蛋糕1L,"乳品,酥脆,蛋糕,新品",,*788*
789,黑松特濃冰淇淋600ml,"童年,乳品,蛋白質,冰淇淋",新品,*789*
790,雀巢芒果糖果500ml,"童年,高蛋白,健康,糖果",,*790*
791,小熊牌抹茶蛋糕1L,"童年,甜點,蛋糕,冷凍",,*791*
792,小熊牌蜂蜜冰淇淋375ml,"冰淇淋,鮮奶,冷凍,可愛",,*792*
793,味全巧克力糖果200g,"蛋白質,糖果,節慶,冷藏",熱銷,*793*
794,全家牛奶乳飲品80g,"乳飲品,蛋白質,無糖,新品",熱銷,*794*
795,大黑松蜂蜜豆漿500ml,"蛋白質,豆漿,脆脆,可愛",熱銷,*795*
796,亞培香草乳飲品500ml,"乳飲品,乳品,節慶,新品",新品,*796*
797,可樂果芒果軟糖80g,"無糖,節慶,冷凍,軟糖",,*797*
798,乖乖蜂蜜麵包100g,"高蛋白,甜點,冷凍,麵包",新品,*798*
799,可口巧克力冰棒200g,"脆脆,冰棒,冷藏,冷凍",,*799*
800,全家巧克力蛋白飲1L,"鮮奶,蛋白飲,冷藏,可愛",,*800*
801,光泉特濃洋芋片600ml,"飲品,甜點,低脂,洋芋片",,*801*
802,黑松氣泡飲375ml,"經典,氣泡飲,低脂,冷藏",,*802*
803,明治巧克力蛋白飲80g,"蛋白質,無糖,可愛,蛋白飲",新品,*803*
804,黑松蜂蜜棒棒糖80g,"飲品,鮮奶,無糖,棒棒糖",熱銷,*804*
805,樂事無糖冰淇淋600ml,"童年,蛋白質,冰淇淋,冷凍",熱銷,*805*
806,大黑松特濃果汁80g,"鹹香,鮮奶,冷藏,果汁",熱銷,*806*
807,明治香草冰淇淋1L,"冰淇淋,鹹香,冷藏,新品",,*807*
808,味全特濃冰淇淋200g,"冰淇淋,冷凍,無糖,可愛",新品,*808*
809,小農抹茶麵包500ml,"經典,節慶,脆脆,麵包",,*809*
810,哈根達斯巧克力牛奶80g,"經典,牛奶,低脂,可愛",,*810*
811,小農蜂蜜蛋糕375ml,"無糖,酥脆,冷凍,蛋糕",,*811*
812,全家蜂蜜乳清80g,"高蛋白,鹹香,乳清,新品",,*812*
813,哈根達斯無糖麵包80g,"蛋白質,健康,低脂,麵包",新品,*813*
814,旺旺牛奶氣泡飲500ml,"經典,氣泡飲,高蛋白,新品",,*814*
815,味全草莓軟糖375ml,"軟糖,健康,無糖,微甜",,*815*
816,樂事草莓棒棒糖600ml,"飲品,高蛋白,低脂,棒棒糖",,*816*
817,全家抹茶冰棒1L,"鹹香,無糖,冰棒,微甜",新品,*817*
818,乖乖抹茶乳清330ml,"乳清,鹹香,健康,節慶",,*818*
819,黑松無糖軟糖1L,"乳品,蛋白質,甜點,軟糖",新品,*819*
820,光泉無糖優酪乳80g,"優酪乳,鮮奶,脆脆,微甜",,*820*
821,全家芒果棒棒糖100g,"經典,飲品,甜點,棒棒糖",,*821*
822,大黑松特濃豆漿200g,"飲品,乳品,豆漿,脆脆",,*822*
823,旺旺無糖乳飲品200g,"乳飲品,甜點,酥脆,新品",,*823*
824,光泉香草優酪乳600ml,"高蛋白,經典,低脂,優酪乳",熱銷,*824*
825,小農巧克力乳清100g,"乳清,乳品,低脂,冷藏",熱銷,*825*
826,7-SELECT乳清330ml,"乳清,健康,甜點,節慶",熱銷,*826*
827,光泉無糖糖果375ml,"糖果,冷藏,冷凍,新品",,*827*
828,全家芒果能量飲200g,"飲品,能量飲,冷凍,微甜",熱銷,*828*
829,統一香草牛奶200g,"高蛋白,牛奶,酥脆,微甜",熱銷,*829*
830,統一優酪乳200g,"優酪乳,甜點,無糖,微甜",,*830*
831,明治香草軟糖1L,"鮮奶,冷藏,冷凍,軟糖",熱銷,*831*
832,全家豆漿500ml,"高蛋白,蛋白質,低脂,豆漿",,*832*
833,小熊牌巧克力蛋糕330ml,"鹹香,鮮奶,蛋糕,冷凍",熱銷,*833*
834,旺旺芒果巧克力100g,"飲品,巧克力,健康,冷凍",,*834*
835,統一乳清100g,"高蛋白,乳品,乳清,童年",熱銷,*835*
836,光泉巧克力乳清330ml,"健康,蛋白質,低脂,乳清",熱銷,*836*
837,旺旺無糖能量飲500ml,"能量飲,鮮奶,脆脆,微甜",,*837*
838,黑松香草乳清100g,"經典,高蛋白,健康,乳清",新品,*838*
839,光泉抹茶果凍100g,"蛋白質,果凍,無糖,微甜",,*839*
840,可樂果巧克力果凍375ml,"節慶,健康,無糖,果凍",,*840*
841,大黑松牛奶果汁500ml,"蛋白質,鮮奶,冷藏,果汁",熱銷,*841*
842,統一巧克力冰棒200g,"經典,飲品,酥脆,冰棒",熱銷,*842*
843,雀巢無糖糖果80g,"經典,蛋白質,糖果,無糖",,*843*
844,大黑松抹茶氣泡飲600ml,"經典,乳品,氣泡飲,鮮奶",,*844*
845,乖乖草莓果汁80g,"高蛋白,鹹香,冷凍,果汁",熱銷,*845*
846,黑松草莓蛋糕100g,"鮮奶,低脂,甜點,蛋糕",熱銷,*846*
847,7-SELECT牛奶乳清100g,"飲品,乳清,童年,冷藏",新品,*847*
848,統一巧克力優酪乳200g,"高蛋白,無糖,酥脆,優酪乳",熱銷,*848*
849,味全無糖糖果500ml,"飲品,乳品,糖果,無糖",,*849*
850,乖乖抹茶洋芋片600ml,"飲品,童年,可愛,洋芋片",新品,*850*
851,可樂果香草棒棒糖200g,"乳品,蛋白質,酥脆,棒棒糖",,*851*
852,旺旺草莓冰棒375ml,"鹹香,蛋白質,冰棒,可愛",,*852*
853,明治芒果麵包100g,"甜點,麵包,冷凍,新品",新品,*853*
854,統一草莓糖果375ml,"經典,糖果,冷藏,可愛",新品,*854*
855,大黑松草莓豆漿500ml,"蛋白質,鮮奶,脆脆,豆漿",,*855*
856,光泉無糖軟糖1L,"飲品,節慶,冷凍,軟糖",新品,*856*
857,乖乖巧克力80g,"巧克力,無糖,酥脆,微甜",熱銷,*857*
858,統一抹茶蛋白飲600ml,"高蛋白,甜點,節慶,蛋白飲",,*858*
859,小農巧克力棒棒糖500ml,"童年,乳品,冷藏,棒棒糖",,*859*
860,雀巢巧克力優酪乳500ml,"飲品,蛋白質,酥脆,優酪乳",,*860*
861,哈根達斯無糖乳清500ml,"飲品,乳品,乳清,可愛",熱銷,*861*
862,統一芒果冰淇淋80g,"冰淇淋,健康,低脂,甜點",熱銷,*862*
863,味全牛奶優酪乳100g,"童年,健康,酥脆,優酪乳",,*863*
864,光泉棒棒糖500ml,"高蛋白,飲品,可愛,棒棒糖",熱銷,*864*
865,可口抹茶果汁330ml,"果汁,冷藏,冷凍,可愛",新品,*865*
866,旺旺蜂蜜冰淇淋1L,"微甜,冰淇淋,節慶,新品",新品,*866*
867,可樂果巧克力能量飲500ml,"能量飲,鹹香,酥脆,可愛",熱銷,*867*
868,味全牛奶冰淇淋80g,"冰淇淋,乳品,低脂,酥脆",新品,*868*
869,雀巢芒果蛋糕100g,"高蛋白,乳品,蛋白質,蛋糕",新品,*869*
870,森永特濃果凍1L,"鹹香,果凍,鮮奶,無糖",,*870*
871,亞培草莓洋芋片100g,"鹹香,洋芋片,甜點,微甜",,*871*
872,大黑松草莓麵包1L,"經典,乳品,麵包,新品",熱銷,*872*
873,明治蛋白飲375ml,"無糖,脆脆,蛋白飲,新品",,*873*
874,大黑松無糖蛋白飲1L,"童年,低脂,無糖,蛋白飲",熱銷,*874*
875,可口芒果優酪乳330ml,"優酪乳,健康,冷藏,微甜",,*875*
876,義美巧克力乳飲品200g,"乳飲品,鮮奶,酥脆,甜點",新品,*876*
877,味全無糖糖果600ml,"節慶,糖果,酥脆,冷藏",,*877*
878,亞培抹茶洋芋片600ml,"蛋白質,節慶,洋芋片,微甜",,*878*
879,哈根達斯特濃冰淇淋100g,"冰淇淋,低脂,酥脆,新品",新品,*879*
880,大黑松巧克力巧克力200g,"童年,巧克力,冷藏,可愛",新品,*880*
881,哈根達斯芒果冰淇淋330ml,"冰淇淋,鹹香,蛋白質,新品",新品,*881*
882,黑松芒果麵包1L,"經典,鮮奶,冷凍,麵包",,*882*
883,大黑松抹茶優酪乳1L,"優酪乳,乳品,無糖,冷凍",新品,*883*
884,乖乖牛奶果汁1L,"蛋白質,節慶,冷藏,果汁",熱銷,*884*
885,乖乖巧克力巧克力1L,"經典,巧克力,鮮奶,酥脆",新品,*885*
886,明治抹茶冰淇淋80g,"冰淇淋,甜點,冷藏,微甜",,*886*
887,雀巢香草豆漿1L,"豆漿,無糖,冷凍,微甜",新品,*887*
888,樂事芒果氣泡飲375ml,"飲品,乳品,氣泡飲,鹹香",新品,*888*
889,亞培牛奶優酪乳80g,"優酪乳,鹹香,蛋白質,冷藏",,*889*
890,可口特濃棒棒糖330ml,"酥脆,脆脆,棒棒糖,新品",熱銷,*890*
891,亞培芒果麵包80g,"童年,乳品,冷藏,麵包",,*891*
892,小農芒果麵包100g,"蛋白質,節慶,脆脆,麵包",,*892*
893,光泉抹茶乳清375ml,"高蛋白,乳清,節慶,新品",,*893*
894,小農冰淇淋330ml,"冰淇淋,蛋白質,健康,微甜",,*894*
895,哈根達斯牛奶軟糖200g,"經典,乳品,蛋白質,軟糖",新品,*895*
896,統一牛奶蛋糕80g,"鮮奶,低脂,冷藏,蛋糕",熱銷,*896*
897,統一芒果乳清1L,"乳清,鹹香,無糖,冷藏",,*897*
898,大黑松無糖乳清100g,"飲品,鹹香,乳清,鮮奶",新品,*898*
899,大黑松牛奶糖果200g,"鮮奶,酥脆,糖果,微甜",熱銷,*899*
900,全家巧克力棒棒糖200g,"童年,飲品,蛋白質,棒棒糖",熱銷,*900*
901,乖乖草莓冰淇淋80g,"經典,鮮奶,冰淇淋,甜點",,*901*
902,哈根達斯草莓洋芋片600ml,"經典,鹹香,健康,洋芋片",,*902*
903,可口抹茶果汁375ml,"無糖,冷藏,可愛,果汁",,*903*
904,旺旺巧克力豆漿80g,"飲品,健康,豆漿,冷凍",熱銷,*904*
905,7-SELECT牛奶軟糖100g,"低脂,軟糖,可愛,新品",熱銷,*905*
906,可樂果抹茶軟糖1L,"軟糖,健康,無糖,新品",新品,*906*
907,光泉香草蛋糕200g,"甜點,冷藏,蛋糕,微甜",熱銷,*907*
908,哈根達斯特濃餅乾375ml,"餅乾,蛋白質,無糖,冷藏",,*908*
909,統一特濃麵包330ml,"低脂,無糖,麵包,新品",,*909*
910,旺旺芒果餅乾500ml,"高蛋白,蛋白質,酥脆,餅乾",,*910*
911,樂事抹茶麵包100g,"乳品,麵包,可愛,新品",,*911*
912,乖乖特濃軟糖100g,"軟糖,健康,低脂,新品",,*912*
913,7-SELECT牛奶棒棒糖375ml,"童年,經典,冷凍,棒棒糖",新品,*913*
914,全家香草果汁600ml,"果汁,節慶,冷凍,新品",熱銷,*914*
915,小農草莓麵包80g,"冷藏,鮮奶,脆脆,麵包",熱銷,*915*
916,味全芒果巧克力375ml,"經典,巧克力,蛋白質,新品",,*916*
917,小農巧克力蛋白飲100g,"經典,飲品,酥脆,蛋白飲",,*917*
918,黑松蜂蜜豆漿375ml,"鹹香,蛋白質,豆漿,節慶",熱銷,*918*
919,7-SELECT特濃牛奶80g,"高蛋白,牛奶,甜點,節慶",新品,*919*
920,森永芒果蛋白飲500ml,"經典,酥脆,脆脆,蛋白飲",新品,*920*
921,小熊牌果凍600ml,"蛋白質,果凍,脆脆,微甜",,*921*
922,乖乖軟糖80g,"經典,鹹香,軟糖,新品",,*922*
923,7-SELECT無糖乳清500ml,"高蛋白,鹹香,乳清,甜點",,*923*
924,光泉芒果洋芋片500ml,"健康,無糖,冷凍,洋芋片",,*924*
925,光泉牛奶糖果1L,"童年,鮮奶,節慶,糖果",,*925*
926,亞培香草糖果330ml,"甜點,糖果,冷藏,可愛",,*926*
927,統一巧克力能量飲200g,"高蛋白,飲品,能量飲,節慶",,*927*
928,可樂果蜂蜜軟糖100g,"經典,飲品,乳品,軟糖",,*928*
929,乖乖巧克力蛋白飲330ml,"鹹香,鮮奶,蛋白飲,脆脆",新品,*929*
930,小農能量飲80g,"能量飲,蛋白質,健康,脆脆",新品,*930*
931,亞培芒果豆漿330ml,"乳品,豆漿,無糖,冷凍",新品,*931*
932,光泉蜂蜜洋芋片1L,"脆脆,甜點,冷藏,洋芋片",熱銷,*932*
933,大黑松豆漿375ml,"甜點,酥脆,冷藏,豆漿",熱銷,*933*
934,可口果凍1L,"乳品,果凍,脆脆,微甜",,*934*
935,雀巢巧克力豆漿330ml,"經典,鹹香,豆漿,冷凍",熱銷,*935*
936,全家無糖蛋糕375ml,"飲品,鹹香,低脂,蛋糕",,*936*
937,可樂果抹茶氣泡飲200g,"高蛋白,氣泡飲,鮮奶,微甜",新品,*937*
938,旺旺無糖軟糖500ml,"軟糖,低脂,新品,微甜",熱銷,*938*
939,可樂果無糖蛋糕500ml,"飲品,鮮奶,甜點,蛋糕",,*939*
940,哈根達斯香草軟糖600ml,"飲品,甜點,軟糖,新品",熱銷,*940*
941,統一香草蛋白飲200g,"童年,蛋白飲,冷藏,新品",熱銷,*941*
942,旺旺蛋糕330ml,"健康,蛋白質,鮮奶,蛋糕",熱銷,*942*
943,乖乖餅乾80g,"乳品,餅乾,冷藏,可愛",,*943*
944,全家牛奶冰淇淋500ml,"高蛋白,冰淇淋,可愛,微甜",熱銷,*944*
945,樂事草莓豆漿330ml,"經典,乳品,豆漿,酥脆",熱銷,*945*
946,乖乖特濃冰棒1L,"鹹香,健康,甜點,冰棒",,*946*
947,7-SELECT無糖蛋糕100g,"高蛋白,蛋白質,蛋糕,可愛",熱銷,*947*
948,雀巢香草軟糖600ml,"軟糖,脆脆,可愛,微甜",,*948*
949,光泉牛奶冰淇淋200g,"高蛋白,蛋白質,鮮奶,冰淇淋",,*949*
950,樂事無糖冰棒375ml,"酥脆,冰棒,冷凍,可愛",,*950*
951,小農牛奶糖果600ml,"經典,乳品,糖果,無糖",熱銷,*951*
952,小農草莓乳飲品330ml,"乳飲品,健康,無糖,脆脆",,*952*
953,黑松特濃巧克力200g,"巧克力,鮮奶,健康,節慶",新品,*953*
954,可樂果無糖豆漿80g,"童年,豆漿,冷藏,冷凍",熱銷,*954*
955,明治蜂蜜能量飲500ml,"能量飲,鹹香,健康,鮮奶",熱銷,*955*
956,森永草莓棒棒糖200g,"經典,鹹香,冷凍,棒棒糖",,*956*
957,明治草莓優酪乳200g,"優酪乳,無糖,脆脆,微甜",熱銷,*957*
958,可口優酪乳80g,"優酪乳,乳品,酥脆,脆脆",,*958*
959,哈根達斯抹茶麵包100g,"童年,脆脆,冷凍,麵包",,*959*
960,亞培冰淇淋330ml,"童年,冰淇淋,健康,無糖",熱銷,*960*
961,乖乖牛奶200g,"牛奶,健康,低脂,可愛",,*961*
962,小熊牌草莓冰淇淋1L,"冰淇淋,鹹香,鮮奶,甜點",,*962*
963,義美芒果冰淇淋330ml,"高蛋白,冰淇淋,新品,微甜",,*963*
964,黑松特濃蛋白飲600ml,"甜點,蛋白飲,可愛,微甜",熱銷,*964*
965,明治無糖乳飲品500ml,"高蛋白,酥脆,節慶,乳飲品",熱銷,*965*
966,光泉牛奶糖果330ml,"乳品,酥脆,節慶,糖果",,*966*
967,可樂果特濃蛋白飲1L,"經典,蛋白質,鮮奶,蛋白飲",新品,*967*
968,小熊牌蜂蜜優酪乳375ml,"高蛋白,低脂,優酪乳,冷凍",熱銷,*968*
969,亞培芒果豆漿330ml,"高蛋白,豆漿,酥脆,冷凍",新品,*969*
970,可口牛奶200g,"牛奶,酥脆,可愛,微甜",熱銷,*970*
971,明治芒果冰棒330ml,"蛋白質,健康,無糖,冰棒",新品,*971*
972,可口香草豆漿330ml,"蛋白質,鮮奶,脆脆,豆漿",熱銷,*972*
973,森永巧克力冰淇淋500ml,"冰淇淋,蛋白質,甜點,微甜",熱銷,*973*
974,義美牛奶巧克力80g,"高蛋白,巧克力,節慶,微甜",熱銷,*974*
975,大黑松巧克力麵包100g,"經典,甜點,冷藏,麵包",,*975*
976,乖乖香草蛋白飲1L,"無糖,冷藏,蛋白飲,新品",,*976*
977,可樂果抹茶果汁80g,"經典,飲品,甜點,果汁",熱銷,*977*
978,哈根達斯芒果乳飲品200g,"乳飲品,低脂,無糖,冷藏",新品,*978*
979,明治果汁1L,"飲品,鹹香,酥脆,果汁",新品,*979*
980,可口巧克力牛奶1L,"牛奶,冷藏,可愛,微甜",,*980*
981,光泉糖果80g,"微甜,蛋白質,糖果,新品",,*981*
982,光泉芒果氣泡飲500ml,"童年,氣泡飲,蛋白質,低脂",,*982*
983,小農特濃乳飲品500ml,"高蛋白,乳飲品,酥脆,新品",熱銷,*983*
984,雀巢無糖軟糖1L,"高蛋白,軟糖,酥脆,微甜",熱銷,*984*
985,小農牛奶巧克力80g,"經典,巧克力,健康,冷藏",新品,*985*
986,全家草莓麵包80g,"童年,經典,鹹香,麵包",熱銷,*986*
987,森永香草果汁375ml,"甜點,節慶,果汁,新品",熱銷,*987*
988,森永抹茶冰棒100g,"蛋白質,健康,冰棒,新品",,*988*
989,可口芒果牛奶330ml,"高蛋白,牛奶,鮮奶,節慶",,*989*
990,大黑松特濃糖果1L,"鹹香,低脂,冷藏,糖果",,*990*
991,小農草莓氣泡飲100g,"氣泡飲,冷凍,可愛,新品",熱銷,*991*
992,森永巧克力果汁80g,"健康,鮮奶,可愛,果汁",熱銷,*992*
993,統一香草優酪乳500ml,"高蛋白,經典,節慶,優酪乳",,*993*
994,哈根達斯特濃洋芋片200g,"洋芋片,冷藏,冷凍,可愛",熱銷,*994*
995,乖乖抹茶乳清375ml,"經典,鹹香,乳清,冷凍",熱銷,*995*
996,雀巢特濃牛奶375ml,"牛奶,蛋白質,健康,酥脆",,*996*
997,亞培抹茶乳飲品100g,"乳飲品,乳品,低脂,甜點",熱銷,*997*
998,乖乖無糖蛋糕80g,"童年,鮮奶,健康,蛋糕",熱銷,*998*
999,大黑松特濃棒棒糖600ml,"童年,鮮奶,低脂,棒棒糖",新品,*999*
1000,義美無糖糖果330ml,"童年,鮮奶,酥脆,糖果",,*1000*
